"stretch_id","motorbike","car","car_axle","bus_2_axle","bus_3_axle","bus_4_axle","truck_2_axle","truck_3_axle","truck_4_axle","truck_5_axle","truck_6_axle","truck_7_axle","truck_8_axle","truck_9_axle","load_axle","truck_10_axle","toll_ref","motorbike_axle","car_rush_hour","car_evening_hour","pedestrian","bicycle","car_rush_hour_2","car_evening_hour_2","car_morning_night_hour_2"
1,12,25,12,44,44,44,43,43,71,71,108,108,108,108,23,,"pase",,,,,,,,
2,12,25,12,44,44,44,43,43,71,71,110,110,110,110,23,,"pase",,,,,,,,
3,78,156,77,301,301,301,288,288,593,593,812,812,812,812,144,,"pase",,,,,,,,
4,24,48,25,119,119,119,111,111,225,225,316,316,316,316,56,,"pase",,,,,,,,
6,30,60,30,94,94,94,94,94,94,129,129,181,181,181,46,,"pase",,,,,,,,
7,45,91,46,175,175,175,175,208,208,319,319,427,427,427,,,"pase",,,,,,,,
8,110,221,110,441,441,441,441,441,441,722,722,882,882,882,202,,"pase",,,,,,,,
9,59,118,59,235,235,235,235,235,235,385,385,470,470,470,108,,"pase",,,,,,,,
10,51,103,51,206,206,206,206,206,206,337,337,412,412,412,94,,"pase",,,,,,,,
11,42,84,42,170,170,170,162,162,310,310,414,414,414,414,81,,"pase",,,,,,,,
12,21,43,23,84,84,84,81,81,155,155,218,218,218,218,41,,"pase",,,,,,,,
17,80,161,81,352,352,352,332,332,642,642,935,935,935,935,167,,"pase",,,,,,,,
18,42,84,42,176,176,176,175,175,321,321,468,468,468,468,88,,"pase",,,,,,,,
19,42,84,42,176,176,176,175,175,321,321,468,468,468,468,88,,"pase",,,,,,,,
1378,19,38,19,96,96,96,79,79,155,155,208,208,208,208,40,,"pase",,,,,,,,
1379,8,17,9,52,52,52,48,48,98,98,119,119,119,119,25,,"pase",,,,,,,,
20,65,131,66,179,179,179,169,169,169,238,238,251,251,251,85,,"pase",,,,,,,,
22,23,46,24,55,55,55,54,54,54,79,79,77,77,77,27,,"pase",,,,,,,,
21,45,90,45,125,125,125,114,114,114,159,159,156,156,156,58,,"pase",,,,,,,,
23,62,124,62,194,194,194,191,191,191,248,248,289,289,289,96,,"pase",,,,,,,,
24,50,100,51,158,158,158,156,156,156,210,210,238,238,238,77,,"pase",,,,,,,,
25,10,20,10,36,36,36,33,33,33,40,40,45,45,45,17,,"pase",,,,,,,,
26,26,52,26,119,119,119,118,118,146,146,229,229,229,229,59,,"pase",,,,,,,,
27,18,37,19,62,62,62,61,61,84,84,126,126,126,126,31,,"pase",,,,,,,,
28,44,89,44,187,187,187,186,186,228,228,318,318,318,318,94,,"pase",,,,,,,,
29,21,43,23,95,95,95,91,91,110,110,158,158,158,158,45,,"pase",,,,,,,,
30,51,103,53,236,236,236,235,235,275,275,428,428,428,428,118,,"pase",,,,,,,,
31,44,88,44,176,176,176,179,179,228,228,284,284,284,284,90,,"pase",,,,,,,,
32,16,33,17,56,56,56,55,55,79,79,112,112,112,112,28,,"pase",,,,,,,,
35,131,262,131,393,393,393,329,329,329,483,483,557,557,557,165,,"pase",,,,,,,,
36,108,217,109,310,310,310,312,312,312,390,390,389,389,389,156,,"pase",,,,,,,,
37,22,44,23,84,84,84,81,81,81,91,91,86,86,86,41,,"pase",,,,,,,,
38,121,243,123,356,356,356,302,302,302,468,468,514,514,514,152,,"pase",,,,,,,,
39,79,158,79,218,218,218,212,212,212,275,275,264,264,264,107,,"pase",,,,,,,,
40,45,90,45,139,139,139,138,138,138,193,193,171,171,171,69,,"pase",,,,,,,,
41,23,47,23,83,83,83,83,83,168,168,244,244,244,244,42,,"pase",,,,,,,,
42,48,96,48,193,193,193,193,193,193,304,304,361,361,361,96,,"pase",,,,,,,,
43,41,82,41,165,165,165,165,165,165,260,260,308,308,308,82,,"pase",,,,,,,,
44,59,118,59,237,237,237,237,237,237,374,374,444,444,444,118,,"pase",,,,,,,,
45,22,44,23,88,88,88,84,84,125,125,155,155,155,155,42,,"pase",,,,,,,,
46,44,89,44,170,170,170,168,168,241,241,310,310,310,310,85,,"pase",,,,,,,,
47,22,44,23,88,88,88,84,84,125,125,155,155,155,155,42,,"pase",,,,,,,,
48,22,44,23,88,88,88,84,84,125,125,138,138,138,138,42,,"pase",,,,,,,,
49,13,26,13,47,47,47,47,47,100,100,146,146,146,146,24,,"pase",,,,,,,,
50,13,26,13,47,47,47,47,47,100,100,146,146,146,146,24,,"pase",,,,,,,,
51,13,26,13,47,47,47,47,47,100,100,146,146,146,146,24,,"pase",,,,,,,,
52,13,26,13,47,47,47,47,47,100,100,146,146,146,146,24,,"pase",,,,,,,,
53,11,22,11,40,40,40,40,40,70,70,108,108,108,108,20,,"pase",,,,,,,,
54,52,103,52,156,160,164,155,159,188,221,238,302,302,302,76,,"pase",,,,,,,,
55,58,117,58,190,195,204,190,195,204,250,250,349,349,349,97,,"pase",,,,,,,,
57,33,66,33,130,131,135,130,131,135,172,172,230,230,230,66,,"pase",,,,,,,,
56,25,51,25,60,64,69,60,64,69,78,78,119,119,119,31,,"pase",,,,,,,,
58,94,188,94,280,285,292,280,285,292,365,365,518,518,518,143,,"pase",,,,,,,,
60,64,128,64,182,184,187,182,184,187,225,225,329,329,329,94,,"pase",,,,,,,,
59,30,60,30,98,101,105,98,101,105,140,140,189,189,189,49,,"pase",,,,,,,,
61,34,68,34,87,89,96,87,89,96,127,127,160,160,160,43,,"pase",,,,,,,,
62,16,33,17,42,44,47,42,44,47,54,54,86,86,86,19,,"pase",,,,,,,,
63,42,84,41,148,151,157,148,151,157,196,196,263,263,263,78,,"pase",,,,,,,,
64,9,18,8,19,20,22,19,20,22,24,24,33,33,33,12,,"pase",,,,,,,,
65,93,187,93,230,230,230,234,234,234,316,438,621,621,621,,,"pase",,,,,,,,
66,93,187,93,221,221,221,356,356,356,451,578,630,630,630,,,"pase",,,,,,,,
67,39,78,40,119,119,119,119,119,119,286,286,411,411,411,58,,"pase",,,,,,,,
68,13,26,11,58,58,58,58,58,58,113,113,136,136,136,30,,"pase",,,,,,,,
69,30,60,31,99,99,99,99,99,99,211,211,247,247,247,50,,"pase",,,,,,,,
70,13,26,13,47,47,47,47,47,100,100,146,146,146,146,24,,"pase",,,,,,,,
71,47,95,47,171,171,171,144,144,144,228,228,312,312,312,72,,"pase",,,,,,,,
73,34,68,34,130,130,130,127,127,127,174,174,204,204,204,63,,"pase",,,,,,,,
74,47,95,47,171,171,171,144,144,144,228,228,312,312,312,72,,"pase",,,,,,,,
75,26,52,26,91,91,91,90,90,90,123,123,138,138,138,45,,"pase",,,,,,,,
77,47,95,47,171,171,171,144,144,144,228,228,312,312,312,72,,"pase",,,,,,,,
78,46,93,46,195,195,195,175,175,175,265,265,375,375,375,82,,"pase",,,,,,,,
79,31,63,31,115,115,115,90,90,90,155,155,210,210,210,45,,"pase",,,,,,,,
80,33,67,33,128,128,128,97,97,97,165,165,220,220,220,48,,"pase",,,,,,,,
1398,66,132,66,270,270,270,216,216,216,385,385,510,510,510,107,,"tollbooth",,,,,,,,
83,47,95,47,181,181,181,152,152,152,247,247,309,309,309,75,,"pase",,,,,,,,
84,22,44,23,92,92,92,91,91,91,126,126,132,132,132,45,,"pase",,,,,,,,
85,23,46,24,92,92,92,91,91,91,126,126,132,132,132,45,,"pase",,,,,,,,
86,35,71,36,152,152,152,171,171,171,198,198,198,198,198,86,,"pase",,,,,,,,
87,19,39,20,83,83,83,92,92,92,107,107,107,107,107,46,,"pase",,,,,,,,
88,16,32,17,69,69,69,79,79,79,91,91,91,91,91,39,,"pase",,,,,,,,
89,13,26,13,47,47,47,47,47,100,100,146,146,146,146,24,,"pase",,,,,,,,
90,13,26,13,47,47,47,47,47,100,100,146,146,146,146,24,,"pase",,,,,,,,
91,51,103,53,218,218,218,217,217,217,350,350,436,436,436,109,,"pase",,,,,,,,
92,44,89,44,140,140,140,138,138,138,238,238,288,288,288,69,,"pase",,,,,,,,
93,27,55,28,95,95,95,91,91,91,156,156,171,171,171,45,,"pase",,,,,,,,
95,77,155,83,322,322,322,321,321,438,575,679,839,839,839,,,"pase",,,,,,,,
96,54,109,61,248,248,248,248,248,248,420,420,618,618,618,,,"pase",,,,,,,,
97,38,77,43,177,177,177,177,177,177,298,298,440,440,440,,,"pase",,,,,,,,
98,24,48,27,111,111,111,111,111,111,187,187,275,275,275,,,"pase",,,,,,,,
99,17,34,19,77,77,77,77,77,77,131,131,193,193,193,,,"pase",,,,,,,,
100,56,112,63,256,256,256,256,256,256,432,432,636,636,636,,,"pase",,,,,,,,
101,42,84,47,192,192,192,192,192,192,324,324,478,478,478,,,"pase",,,,,,,,
102,10,20,11,46,46,46,46,46,46,78,78,115,115,115,,,"pase",,,,,,,,
103,13,26,15,60,60,60,60,60,60,101,101,148,148,148,,,"pase",,,,,,,,
104,12,25,14,57,57,57,57,57,57,96,96,141,141,141,,,"pase",,,,,,,,
105,5,11,6,25,25,25,25,25,25,42,42,62,62,62,,,"pase",,,,,,,,
106,28,56,32,128,128,128,128,128,128,217,217,320,320,320,,,"pase",,,,,,,,
107,4,8,4,18,18,18,18,18,18,30,30,44,44,44,,,"pase",,,,,,,,
108,7,14,7,30,30,30,42,42,42,62,62,76,76,76,,,"pase",,,,,,,,
109,16,32,18,73,73,73,73,73,73,124,124,182,182,182,,,"pase",,,,,,,,
110,23,47,27,108,108,108,108,108,108,183,183,269,269,269,,,"pase",,,,,,,,
111,52,104,58,238,238,238,238,238,238,402,402,592,592,592,,,"pase",,,,,,,,
112,3,7,6,26,26,26,26,26,26,44,44,66,66,66,,,"pase",,,,,,,,
113,45,90,51,207,207,207,207,207,207,349,349,515,515,515,,,"pase",,,,,,,,
114,12,24,13,54,54,54,54,54,54,92,92,135,135,135,,,"pase",,,,,,,,
115,8,16,9,37,37,37,37,37,37,62,62,91,91,91,,,"pase",,,,,,,,
116,20,40,22,91,91,91,91,91,91,154,154,226,226,226,,,"pase",,,,,,,,
117,14,29,16,66,66,66,66,66,66,111,111,163,163,163,,,"pase",,,,,,,,
120,13,26,13,44,44,44,44,44,92,92,126,126,126,126,23,,"pase",,,,,,,,
122,20,41,21,75,75,75,75,75,136,148,187,201,201,201,29,,"pase",,,,,,,,
121,16,33,17,57,57,57,57,57,118,118,157,157,157,157,29,,"pase",,,,,,,,
123,32,65,32,129,129,129,129,129,261,261,395,395,395,395,65,,"pase",,,,,,,,
124,19,38,19,76,76,76,76,76,156,156,235,235,235,235,39,,"pase",,,,,,,,
125,52,105,44,200,293,395,200,293,395,490,594,690,789,886,,,"pase",,,,,,,,
126,20,40,15,73,112,145,73,112,145,185,220,255,293,332,,,"pase",,,,,,,,
128,11,21,9,39,60,80,39,60,80,99,120,139,158,179,,,"pase",,,,,,,,
129,49,97,43,191,248,307,191,248,307,402,465,558,613,670,,,"pase",,,,,,,,
130,22,42,16,81,138,197,81,138,197,233,296,337,392,449,,,"pase",,,,,,,,
131,13,25,7,49,102,161,49,102,161,178,248,266,327,378,,,"pase",,,,,,,,
132,27,55,27,110,110,110,110,110,110,169,169,221,221,221,,,"pase",,,,,,,,
133,27,55,27,110,110,110,110,110,110,169,169,221,221,221,,,"pase",,,,,,,,
134,20,41,20,85,85,85,85,85,85,128,128,169,169,169,,,"pase",,,,,,,,
135,52,105,54,153,153,153,153,153,182,182,247,247,247,247,76,,"pase",,,,,,,,
136,35,71,36,98,98,98,98,98,117,117,154,154,154,154,48,,"pase",,,,,,,,
137,18,36,18,48,48,48,48,48,61,61,76,76,76,76,25,,"pase",,,,,,,,
138,18,36,18,48,48,48,48,48,56,56,76,76,76,76,25,,"pase",,,,,,,,
139,45,90,45,180,180,180,280,280,280,540,540,640,640,640,135,,"pase",,,,,,,,
140,45,90,45,180,180,180,280,280,280,540,540,640,640,640,135,,"pase",,,,,,,,
141,26,52,28,119,119,119,119,119,235,235,347,347,347,347,60,,"pase",,,,,,,,
142,3,6,3,14,14,14,14,14,28,28,41,41,41,41,8,,"pase",,,,,,,,
144,170,340,168,750,750,750,750,750,750,1124,1124,1292,1292,1292,374,,"pase",,,,,,,,
145,89,178,88,393,393,393,393,393,393,589,589,677,677,677,196,,"pase",,,,,,,,
143,81,162,80,357,357,357,357,357,357,535,535,615,615,615,178,,"pase",,,,,,,,
146,21,41,20,91,91,91,91,91,91,136,136,156,156,156,45,,"pase",,,,,,,,
147,27,54,27,109,109,109,92,92,92,157,157,208,208,208,46,,"pase",,,,,,,,
150,118,236,118,508,508,508,491,491,491,756,756,898,898,898,246,,"pase",,,,,,,,
149,91,182,91,399,399,399,399,399,399,599,599,690,690,690,200,,"pase",,,,,,,,
152,144,288,144,631,631,631,631,631,631,945,945,1090,1090,1090,315,,"pase",,,,,,,,
153,86,172,86,377,377,377,377,377,377,565,565,652,652,652,188,,"pase",,,,,,,,
151,58,116,58,254,254,254,254,254,254,380,380,438,438,438,127,,"pase",,,,,,,,
154,13,26,13,45,45,45,45,45,96,96,146,146,146,146,23,,"pase",,,,,,,,
155,17,34,18,71,71,71,61,61,61,110,110,132,132,132,31,,"pase",,,,,,,,
156,8,17,9,36,36,36,33,33,33,55,55,65,65,65,17,,"pase",,,,,,,,
157,9,18,9,37,37,37,36,36,36,55,55,67,67,67,18,,"pase",,,,,,,,
159,12,24,12,44,44,44,44,44,89,89,122,122,122,122,23,,"pase",,,,,,,,
158,18,38,19,82,82,82,82,82,151,151,210,210,210,210,41,,"pase",,,,,,,,
160,51,102,52,231,231,231,222,222,444,444,640,640,640,640,111,,"pase",,,,,,,,
161,34,68,34,123,123,123,122,122,239,239,343,343,343,343,61,,"pase",,,,,,,,
162,51,102,52,217,217,217,207,207,416,416,605,605,605,605,103,,"pase",,,,,,,,
163,51,102,52,217,217,217,207,207,416,416,605,605,605,605,103,,"pase",,,,,,,,
164,46,92,46,185,185,185,181,181,358,358,502,502,502,502,90,,"pase",,,,,,,,
165,48,96,47,193,193,193,185,185,366,366,514,514,514,514,92,,"pase",,,,,,,,
166,45,90,45,170,170,170,169,169,326,326,459,459,459,459,85,,"pase",,,,,,,,
170,25,25,13,51,51,51,56,56,56,89,89,134,134,134,28,,"pase",,,,,,,,
169,20,20,10,40,40,40,44,44,44,70,70,106,106,106,22,,"pase",,,,,,,,
168,23,23,12,46,46,46,51,51,51,88,88,119,119,119,25,,"pase",,,,,,,,
171,18,37,19,71,71,71,69,69,134,134,193,193,193,193,34,,"pase",,,,,,,,
172,27,55,28,114,114,114,116,116,200,200,294,294,294,294,58,,"pase",,,,,,,,
173,24,48,25,96,96,96,95,95,170,170,260,260,260,260,47,,"pase",,,,,,,,
174,7,14,8,37,37,37,36,36,89,89,103,103,103,103,18,,"pase",,,,,,,,
176,33,67,33,149,149,149,146,146,284,284,383,383,383,383,73,,"pase",,,,,,,,
177,16,33,17,71,71,71,69,69,110,110,162,162,162,162,34,,"pase",,,,,,,,
175,48,96,47,207,207,207,199,199,368,368,539,539,539,539,100,,"pase",,,,,,,,
178,29,58,29,115,115,115,115,115,115,171,171,231,231,231,,,"pase",,,,,,,,
179,15,30,15,58,58,58,58,58,58,90,90,116,116,116,,,"pase",,,,,,,,
182,31,63,31,128,128,128,128,128,128,175,175,233,233,233,,,"pase",,,,,,,,
183,48,96,48,195,195,195,195,195,195,266,266,355,355,355,,,"pase",,,,,,,,
184,22,36,7,66,66,66,66,66,111,111,176,176,176,176,22,,"pase",,,,,,,,
185,22,36,7,66,66,66,66,66,111,111,176,176,176,176,22,,"pase",,,,,,,,
186,12,25,12,50,50,50,50,50,50,68,68,80,80,80,25,,"pase",,,,,,,,
188,84,168,90,279,279,279,275,275,275,388,388,461,461,461,127,,"pase",,,,,,,,
189,32,64,34,105,105,105,102,102,102,148,148,176,176,176,48,,"pase",,,,,,,,
190,27,55,29,86,86,86,82,82,82,124,124,154,154,154,37,,"pase",,,,,,,,
192,22,44,18,70,70,70,68,68,68,99,99,120,120,120,30,,"pase",,,,,,,,
191,21,43,24,71,71,71,71,71,71,101,101,118,118,118,33,,"pase",,,,,,,,
193,17,35,15,56,56,56,55,55,55,80,80,98,98,98,27,,"pase",,,,,,,,
194,9,19,8,32,32,32,31,31,31,45,45,53,53,53,14,,"pase",,,,,,,,
195,80,160,87,287,287,287,275,275,275,394,394,466,466,466,136,,"pase",,,,,,,,
196,33,67,36,129,129,129,120,120,120,168,168,193,193,193,58,,"pase",,,,,,,,
197,39,77,39,155,155,155,155,155,155,232,232,310,310,310,77,,"pase",,,,,,,,
198,21,42,21,85,85,85,85,85,85,127,127,169,169,169,,,"pase",,,,,,,,
199,18,35,18,70,70,70,70,70,70,105,105,141,141,141,,,"pase",,,,,,,,
200,23,44,23,64,64,64,64,64,89,89,115,115,115,115,32,,"pase",,,,,,,,
201,95,191,105,319,319,319,311,311,311,474,474,633,633,633,150,,"pase",,,,,,,,
202,55,111,63,180,180,180,172,172,172,292,292,371,371,371,80,,"pase",,,,,,,,
203,40,80,42,139,139,139,139,139,139,182,182,262,262,262,70,,"pase",,,,,,,,
204,33,66,36,106,106,106,104,104,104,165,165,209,209,209,48,,"pase",,,,,,,,
205,16,32,22,53,53,53,49,49,49,80,80,93,93,93,27,,"pase",,,,,,,,
206,116,232,127,361,361,361,347,347,347,602,602,761,761,761,162,,"pase",,,,,,,,
207,95,190,107,301,301,301,287,287,287,525,525,664,664,664,133,,"pase",,,,,,,,
208,92,185,97,334,334,334,321,321,321,488,488,593,593,593,153,,"pase",,,,,,,,
209,81,162,87,258,258,258,248,248,248,398,398,487,487,487,117,,"pase",,,,,,,,
210,69,138,76,224,224,224,216,216,216,401,401,510,510,510,101,,"pase",,,,,,,,
212,60,120,67,198,198,198,188,188,188,321,321,390,390,390,88,,"pase",,,,,,,,
213,46,92,47,155,155,155,149,149,149,194,194,213,213,213,72,,"pase",,,,,,,,
211,34,68,36,121,121,121,117,117,117,197,197,236,236,236,56,,"pase",,,,,,,,
214,25,50,27,95,95,95,89,89,89,117,117,116,116,116,43,,"pase",,,,,,,,
215,21,42,20,60,60,60,60,60,60,77,77,97,97,97,29,,"pase",,,,,,,,
216,65,131,66,267,267,267,258,258,258,381,381,532,532,532,129,,"pase",,,,,,,,
218,47,95,47,155,155,155,155,155,155,253,253,396,396,396,47,,"pase",,,,,,,,
221,13,26,13,46,46,46,46,46,46,73,73,113,113,113,13,,"pase",,,,,,,,
219,39,77,39,133,133,133,133,133,133,216,216,334,334,334,39,,"pase",,,,,,,,
220,26,53,26,91,91,91,91,91,91,149,149,227,227,227,26,,"pase",,,,,,,,
222,50,100,49,169,169,169,169,169,169,271,271,422,422,422,49,,"pase",,,,,,,,
223,16,31,16,52,52,52,52,52,52,84,84,131,131,131,16,,"pase",,,,,,,,
224,29,59,30,102,102,102,96,96,96,104,104,142,142,142,47,,"pase",,,,,,,,
225,97,194,67,333,428,428,333,428,428,428,428,759,759,759,67,,"pase",,,,,,,,
226,72,144,67,249,320,320,249,320,320,320,320,571,571,571,67,,"pase",,,,,,,,
227,69,138,67,231,296,296,231,296,296,296,296,529,529,529,67,,"pase",,,,,,,,
228,66,132,67,226,286,286,226,286,286,286,286,517,517,517,67,,"pase",,,,,,,,
229,31,62,67,107,141,141,107,141,141,141,141,243,243,243,67,,"pase",,,,,,,,
230,28,56,67,102,131,131,102,131,131,131,131,231,231,231,67,,"pase",,,,,,,,
231,7,14,4,23,29,29,23,29,29,29,29,52,52,52,4,,"pase",,,,,,,,
232,5,9,3,16,20,20,16,20,20,20,20,38,38,38,3,,"pase",,,,,,,,
233,2,3,1,6,8,8,6,8,8,8,8,15,15,15,1,,"pase",,,,,,,,
234,72,144,67,249,320,320,249,320,320,320,320,571,571,571,67,,"pase",,,,,,,,
235,26,51,67,83,105,105,83,105,105,105,105,190,190,190,67,,"pase",,,,,,,,
236,7,14,4,23,29,29,23,29,29,29,29,52,52,52,4,,"pase",,,,,,,,
237,5,9,3,16,20,20,16,20,20,20,20,38,38,38,3,,"pase",,,,,,,,
238,58,116,58,209,209,209,209,209,209,324,324,393,393,393,104,,"pase",,,,,,,,
239,34,68,34,123,123,123,123,123,123,190,190,230,230,230,61,,"pase",,,,,,,,
240,23,47,24,87,87,87,87,87,87,133,133,162,162,162,43,,"pase",,,,,,,,
241,5,10,5,,,,,,,,,,,,,,"pase",,,,,,,,
242,52,105,52,210,210,210,210,210,210,315,315,419,419,419,,,"pase",,,,,,,,
243,26,52,26,105,105,105,105,105,105,157,157,210,210,210,,,"pase",,,,,,,,
247,34,68,34,136,136,136,136,136,136,204,204,271,271,271,,,"pase",,,,,,,,
248,32,65,33,83,122,175,83,122,175,206,241,274,316,338,65,,"pase",,,,,,,,
249,16,32,16,42,64,89,42,64,89,106,123,139,161,174,32,,"pase",,,,,,,,
250,21,43,20,60,91,123,60,91,123,158,196,233,263,302,43,,"pase",,,,,,,,
251,16,33,16,48,69,95,48,69,95,124,156,184,207,235,33,,"pase",,,,,,,,
252,27,54,27,107,161,215,107,161,215,215,215,215,215,215,,,"pase",,,,,,,,
254,24,49,25,99,148,198,99,148,198,198,198,198,198,198,,,"pase",,,,,,,,
253,23,47,23,94,141,188,94,141,188,188,188,188,188,188,,,"pase",,,,,,,,
255,20,40,20,81,121,161,81,121,161,161,161,161,161,161,,,"pase",,,,,,,,
256,51,103,51,206,206,206,206,206,412,412,412,412,412,412,103,,"pase",,,,,,,,
257,32,65,32,129,129,129,129,129,258,258,258,258,258,258,65,,"pase",,,,,,,,
258,19,38,19,77,77,77,77,77,154,154,154,154,154,154,38,,"pase",,,,,,,,
259,85,170,85,340,340,340,340,340,340,511,511,681,681,681,,,"pase",,,,,,,,
260,63,126,63,251,251,251,251,251,251,377,377,502,502,502,,,"pase",,,,,,,,
261,22,45,22,89,89,89,89,89,89,134,134,179,179,179,,,"pase",,,,,,,,
262,64,127,64,255,255,255,255,255,255,382,382,509,509,509,,,"pase",,,,,,,,
266,32,63,32,127,127,127,127,127,127,190,190,254,254,254,,,"pase",,,,,,,,
267,26,53,27,106,106,106,106,106,106,160,160,213,213,213,,,"pase",,,,,,,,
268,27,54,27,77,134,183,77,134,183,237,294,328,365,430,54,,"pase",,,,,,,,
269,27,54,27,77,134,183,77,134,183,237,294,328,365,430,54,,"pase",,,,,,,,
270,31,62,32,133,133,133,133,133,133,205,205,260,260,260,67,,"pase",,,,,,,,
271,31,62,32,133,133,133,133,133,133,205,205,260,260,260,67,,"pase",,,,,,,,
272,91,182,93,345,345,345,331,331,331,449,449,535,535,535,154,,"pase",,,,,,,,
273,47,94,47,173,173,173,167,167,167,228,228,269,269,269,78,,"pase",,,,,,,,
274,44,88,46,172,172,172,164,164,164,221,221,266,266,266,76,,"pase",,,,,,,,
275,26,52,28,100,100,100,92,92,92,129,129,157,157,157,44,,"pase",,,,,,,,
276,8,17,8,32,32,32,31,31,31,44,44,52,52,52,14,,"pase",,,,,,,,
277,118,237,126,447,447,447,437,437,437,629,629,734,734,734,201,,"pase",,,,,,,,
278,77,154,82,286,286,286,280,280,280,399,399,459,459,459,127,,"pase",,,,,,,,
279,46,92,50,173,173,173,169,169,169,233,233,261,261,261,79,,"pase",,,,,,,,
280,41,83,44,161,161,161,157,157,157,230,230,275,275,275,74,,"pase",,,,,,,,
281,63,127,68,235,235,235,231,231,231,331,331,394,394,394,107,,"pase",,,,,,,,
282,37,73,44,154,154,154,151,151,151,216,216,258,258,258,70,,"pase",,,,,,,,
283,18,37,15,58,58,58,56,56,56,78,78,91,91,91,28,,"pase",,,,,,,,
284,12,25,15,55,55,55,53,53,53,76,76,97,97,97,26,,"pase",,,,,,,,
285,125,250,135,428,428,428,415,415,415,636,636,792,792,792,194,,"pase",,,,,,,,
286,115,231,123,384,384,384,370,370,370,569,569,691,691,691,173,,"pase",,,,,,,,
287,94,189,103,324,324,324,310,310,310,492,492,594,594,594,144,,"pase",,,,,,,,
288,93,187,101,316,316,316,303,303,303,495,495,631,631,631,142,,"pase",,,,,,,,
289,90,180,95,325,325,325,316,316,316,432,432,518,518,518,149,,"pase",,,,,,,,
291,69,139,76,229,229,229,221,221,221,375,375,478,478,478,101,,"pase",,,,,,,,
292,58,117,61,213,213,213,204,204,204,291,291,357,357,357,97,,"pase",,,,,,,,
294,55,110,55,222,222,222,217,217,217,228,228,244,244,244,104,,"pase",,,,,,,,
295,34,69,36,126,126,126,122,122,122,171,171,204,204,204,56,,"pase",,,,,,,,
296,31,63,34,112,112,112,112,112,112,141,141,161,161,161,52,,"pase",,,,,,,,
297,23,47,21,110,110,110,105,105,105,87,87,83,83,83,52,,"pase",,,,,,,,
1438,16,32,16,58,58,58,57,57,57,77,77,93,93,93,28,,"pase",,,,,,,,
1439,5,10,3,18,18,18,17,17,17,23,23,27,27,27,5,,"pase",,,,,,,,
298,59,117,65,240,240,240,237,237,237,346,346,430,430,430,114,,"pase",,,,,,,,
299,8,15,8,23,23,23,23,23,35,35,54,54,54,54,12,,"pase",,,,,,,,
300,29,58,29,100,100,100,100,100,100,160,160,200,200,200,48,,"pase",,,,,,,,
301,24,48,24,97,97,97,97,97,97,146,146,190,190,190,38,,"pase",,,,,,,,
302,8,16,8,35,35,35,35,35,35,53,53,70,70,70,13,,"pase",,,,,,,,
303,39,78,39,156,156,156,156,156,156,234,234,312,312,312,,,"pase",,,,,,,,
304,12,24,12,47,47,47,47,47,47,71,71,94,94,94,,,"pase",,,,,,,,
305,42,84,49,202,202,202,203,203,203,304,304,407,407,407,,,"pase",,,,,,,,
306,36,72,42,173,173,173,174,174,174,261,261,347,347,347,,,"pase",,,,,,,,
307,57,114,59,268,268,268,258,258,258,391,391,539,539,539,,,"pase",,,,,,,,
308,33,67,35,176,176,176,170,170,170,244,244,336,336,336,,,"pase",,,,,,,,
309,24,47,25,69,69,69,68,68,68,108,108,145,145,145,,,"pase",,,,,,,,
310,37,74,37,139,139,139,135,135,135,212,212,282,282,282,,,"pase",,,,,,,,
311,28,57,30,109,109,109,108,108,108,150,150,213,213,213,,,"pase",,,,,,,,
312,9,17,7,27,27,27,26,26,26,63,63,72,72,72,,,"pase",,,,,,,,
313,37,74,37,141,141,141,137,137,137,212,212,281,281,281,,,"pase",,,,,,,,
314,27,55,32,109,109,109,108,108,108,150,150,212,212,212,,,"pase",,,,,,,,
315,10,20,10,30,30,30,28,28,28,63,63,71,71,71,,,"pase",,,,,,,,
316,68,136,69,273,273,273,271,271,271,405,405,539,539,539,,,"pase",,,,,,,,
317,100,201,102,409,409,409,405,405,405,606,606,808,808,808,,,"pase",,,,,,,,
318,68,136,69,270,270,270,269,269,269,405,405,540,540,540,,,"pase",,,,,,,,
319,33,67,35,139,139,139,137,137,137,204,204,270,270,270,,,"pase",,,,,,,,
320,68,136,68,252,252,252,250,250,250,427,427,624,624,624,125,,"pase",,,,,,,,
321,25,51,26,114,114,114,111,111,111,218,218,315,315,315,56,,"pase",,,,,,,,
322,9,18,10,32,32,32,32,32,32,52,52,77,77,77,16,,"capufe",,,,,,,,
323,38,77,40,136,136,136,133,133,133,220,220,323,323,323,67,,"capufe",,,,,,,,
324,30,60,31,105,105,105,103,103,103,169,169,249,249,249,52,,"capufe",,,,,,,,
325,28,57,30,101,101,101,99,99,99,163,163,240,240,240,50,,"capufe",,,,,,,,
326,24,48,25,85,85,85,83,83,83,137,137,201,201,201,42,,"capufe",,,,,,,,
327,19,39,20,69,69,69,68,68,68,112,112,164,164,164,34,,"capufe",,,,,,,,
328,14,29,15,51,51,51,49,49,49,82,82,120,120,120,25,,"capufe",,,,,,,,
329,9,19,10,33,33,33,33,33,33,54,54,79,79,79,16,,"capufe",,,,,,,,
330,14,29,15,52,52,52,50,50,50,83,83,122,122,122,25,,"capufe",,,,,,,,
331,14,29,15,51,51,51,49,49,49,82,82,120,120,120,25,,"capufe",,,,,,,,
332,5,11,6,20,20,20,20,20,20,32,32,48,48,48,10,,"capufe",,,,,,,,
333,24,48,25,85,85,85,83,83,83,137,137,201,201,201,42,,"capufe",,,,,,,,
334,38,77,40,136,136,136,133,133,133,220,220,323,323,323,67,,"capufe",,,,,,,,
335,30,60,31,105,105,105,103,103,103,169,169,249,249,249,52,,"capufe",,,,,,,,
336,29,58,30,102,102,102,100,100,100,165,165,242,242,242,50,,"capufe",,,,,,,,
337,20,41,21,72,72,72,70,70,70,116,116,170,170,170,35,,"capufe",,,,,,,,
338,14,29,15,51,51,51,49,49,49,82,82,120,120,120,25,,"capufe",,,,,,,,
339,5,11,6,20,20,20,20,20,20,32,32,48,48,48,10,,"capufe",,,,,,,,
340,5,10,5,15,15,15,14,14,14,21,21,26,26,26,8,,"pase",,,,,,,,
341,8,15,8,30,30,30,29,29,29,37,37,39,39,39,14,,"pase",,,,,,,,
342,14,29,14,37,37,37,36,36,36,42,42,45,45,45,18,,"pase",,,,,,,,
343,43,86,43,148,148,148,148,148,148,184,184,203,203,203,74,,"pase",,,,,,,,
344,31,62,31,107,107,107,105,105,105,131,131,148,148,148,54,,"pase",,,,,,,,
345,94,188,95,390,390,390,387,387,387,509,509,564,564,564,194,,"pase",,,,,,,,
346,57,114,58,230,230,230,231,231,231,309,309,313,313,313,116,,"pase",,,,,,,,
347,36,73,37,157,157,157,156,156,156,202,202,186,186,186,77,,"pase",,,,,,,,
348,86,173,87,226,226,226,226,226,226,297,297,332,332,332,113,,"pase",,,,,,,,
349,77,154,76,214,214,214,212,212,212,288,288,324,324,324,107,,"pase",,,,,,,,
350,26,53,27,88,88,88,88,88,88,113,113,127,127,127,44,,"pase",,,,,,,,
351,20,41,21,84,84,84,81,81,81,125,125,176,176,176,41,,"pase",,,,,,,,
352,9,18,9,33,33,33,31,31,54,54,67,67,67,67,15,,"pase",,,,,,,,
353,50,101,52,205,205,205,204,204,204,375,375,514,514,514,102,,"pase",,,,,,,,
354,85,172,,312,312,312,517,517,517,517,517,517,517,517,,,"pase",,,,,,,,
355,38,75,38,75,75,75,,,,,,,,,,,"pase",,,,,,,,
356,24,48,24,89,89,89,89,89,89,133,133,177,177,177,48,,"pase",,,,,,,,
359,90,180,95,325,325,325,316,316,316,432,432,518,518,518,149,,"pase",,,,,,,,
357,81,162,87,258,258,258,248,248,248,398,398,487,487,487,117,,"pase",,,,,,,,
358,60,120,67,198,198,198,188,188,188,321,321,390,390,390,88,,"pase",,,,,,,,
360,58,117,61,213,213,213,204,204,204,291,291,357,357,357,97,,"pase",,,,,,,,
363,35,70,40,103,103,103,99,99,99,204,204,274,274,274,45,,"pase",,,,,,,,
362,34,69,36,126,126,126,122,122,122,171,171,204,204,204,56,,"pase",,,,,,,,
361,34,68,36,121,121,121,117,117,117,197,197,236,236,236,56,,"pase",,,,,,,,
364,32,64,32,116,116,116,114,114,114,154,154,186,186,186,56,,"pase",,,,,,,,
365,17,35,22,58,58,58,58,58,58,117,117,156,156,156,28,,"pase",,,,,,,,
366,12,25,14,36,36,36,36,36,36,76,76,99,99,99,15,,"pase",,,,,,,,
367,11,23,12,32,32,32,33,33,33,67,67,90,90,90,14,,"pase",,,,,,,,
368,8,16,6,22,22,22,22,22,22,46,46,60,60,60,8,,"pase",,,,,,,,
369,44,88,44,107,107,107,107,107,107,166,166,180,180,180,53,,"pase",,,,,,,,
370,5,10,4,12,12,12,12,12,12,19,19,19,19,19,5,,"pase",,,,,,,,
371,55,111,54,134,134,134,132,132,132,205,205,230,230,230,67,,"pase",,,,,,,,
372,138,276,140,348,348,348,337,337,337,507,507,563,563,563,169,,"pase",,,,,,,,
373,102,206,103,257,257,257,253,253,253,393,393,431,431,431,128,,"pase",,,,,,,,
374,6,13,6,10,10,10,14,14,14,37,37,41,41,41,6,,"pase",,,,,,,,
375,55,110,55,161,161,161,161,161,161,269,269,356,356,356,81,,"pase",,,,,,,,
376,41,83,42,125,125,125,125,125,125,201,201,270,270,270,62,,"pase",,,,,,,,
377,20,40,20,51,51,51,51,51,51,104,104,131,131,131,27,,"pase",,,,,,,,
378,96,193,98,285,285,285,285,285,285,471,471,625,625,625,145,,"pase",,,,,,,,
379,0,0,0,373,460,562,373,460,562,631,765,866,955,997,,,"pase",,,,,,,,
380,96,193,97,247,247,247,239,239,239,356,356,390,390,390,122,,"pase",,,,,,,,
381,23,47,25,58,58,58,54,54,54,72,72,77,77,77,28,,"pase",,,,,,,,
382,144,288,142,316,316,316,319,319,319,514,514,579,579,579,160,,"pase",,,,,,,,
383,85,170,88,235,235,235,230,230,230,352,352,387,387,387,113,,"pase",,,,,,,,
384,46,92,44,122,122,122,117,117,117,175,175,198,198,198,58,,"pase",,,,,,,,
385,39,78,39,116,116,116,112,112,112,177,177,189,189,189,57,,"pase",,,,,,,,
386,47,94,46,112,112,112,112,112,112,175,175,191,191,191,57,,"pase",,,,,,,,
387,45,91,53,213,213,213,213,213,213,320,320,426,426,426,107,,"pase",,,,,,,,
1051,85,171,85,336,336,336,336,336,336,425,425,567,567,567,171,,"tollbooth",,,,,,,,
1052,56,113,56,222,222,222,222,222,222,281,281,375,375,375,113,,"imt",,,,,,,,
1437,33,67,33,131,131,131,131,131,131,166,166,222,222,222,67,,"tollbooth",,,,,,,,
1050,112,223,111,438,438,438,438,438,438,555,555,740,740,740,223,,"imt",,,,,,,,
1056,112,223,111,438,438,438,438,438,438,555,555,740,740,740,223,,"imt",,,,,,,,
389,20,41,20,81,81,81,81,81,156,156,216,216,216,216,41,,"pase",,,,,,,,
391,77,155,77,187,187,187,187,187,353,353,487,487,487,487,95,,"pase",,,,,,,,
394,19,38,19,50,50,50,50,50,50,85,85,120,120,120,25,,"pase",,,,,,,,
395,67,135,68,215,215,215,215,215,215,380,380,540,540,540,108,,"pase",,,,,,,,
396,35,70,35,105,105,105,105,105,105,185,185,235,235,235,53,,"pase",,,,,,,,
397,97,195,98,300,300,300,300,300,300,520,520,700,700,700,150,,"pase",,,,,,,,
398,46,92,46,120,120,120,120,120,120,185,185,255,255,255,60,,"pase",,,,,,,,
399,197,395,198,650,650,650,650,650,650,1095,1095,1500,1500,1500,325,,"pase",,,,,,,,
400,99,198,99,325,325,325,325,325,325,548,548,750,750,750,163,,"pase",,,,,,,,
401,115,230,115,365,365,365,365,365,365,555,555,680,680,680,183,,"pase",,,,,,,,
402,58,115,58,183,183,183,183,183,183,278,278,340,340,340,92,,"pase",,,,,,,,
403,33,67,32,108,108,108,115,115,115,130,130,165,165,165,57,,"pase",,,,,,,,
404,28,57,27,94,94,94,101,101,101,109,109,140,140,140,50,,"pase",,,,,,,,
405,13,26,13,38,38,38,42,42,42,49,49,61,61,61,21,,"pase",,,,,,,,
406,89,180,90,310,310,310,327,327,327,365,365,476,476,476,164,,"pase",,,,,,,,
407,102,205,104,335,335,335,348,348,348,395,395,495,495,495,174,,"pase",,,,,,,,
408,102,205,104,335,335,335,348,348,348,395,395,495,495,495,174,,"pase",,,,,,,,
409,72,145,74,250,250,250,260,260,260,270,270,365,365,365,130,,"pase",,,,,,,,
410,30,60,30,85,85,85,88,88,88,125,125,130,130,130,44,,"pase",,,,,,,,
411,23,47,24,78,78,78,82,82,82,92,92,119,119,119,41,,"pase",,,,,,,,
412,13,26,13,47,47,47,47,47,100,100,146,146,146,146,24,,"pase",,,,,,,,
413,13,26,13,47,47,47,47,47,100,100,146,146,146,146,24,,"pase",,,,,,,,
414,102,204,101,394,394,394,390,390,390,585,585,673,673,673,196,,"pase",,,,,,,,
415,55,110,55,242,242,242,242,242,242,363,363,418,418,418,121,,"pase",,,,,,,,
416,51,103,53,168,168,168,165,165,165,247,247,284,284,284,83,,"pase",,,,,,,,
417,51,103,53,168,168,168,165,165,165,247,247,284,284,284,83,,"pase",,,,,,,,
418,51,103,53,168,168,168,165,165,165,247,247,284,284,284,83,,"pase",,,,,,,,
419,21,43,23,91,91,91,92,92,92,134,134,162,162,162,46,,"pase",,,,,,,,
420,51,103,53,169,169,169,165,165,165,247,247,296,296,296,83,,"pase",,,,,,,,
421,16,33,17,55,55,55,55,55,55,84,84,110,110,110,28,,"pase",,,,,,,,
423,72,144,72,316,316,316,316,316,316,475,475,547,547,547,158,,"pase",,,,,,,,
424,36,73,37,161,161,161,161,161,161,241,241,278,278,278,80,,"pase",,,,,,,,
422,35,71,35,156,156,156,156,156,156,233,233,269,269,269,78,,"pase",,,,,,,,
425,95,190,96,375,375,375,375,375,553,553,757,757,757,757,188,,"pase",,,,,,,,
426,71,142,71,283,283,283,283,283,411,411,552,552,552,552,141,,"pase",,,,,,,,
427,23,47,25,94,94,94,94,94,142,142,205,205,205,205,46,,"pase",,,,,,,,
428,180,361,182,714,714,714,714,714,1050,1050,1439,1439,1439,1439,357,,"pase",,,,,,,,
429,57,114,58,226,226,226,226,226,333,333,455,455,455,455,113,,"pase",,,,,,,,
430,38,76,39,152,152,152,152,152,222,222,304,304,304,304,75,,"pase",,,,,,,,
431,72,144,72,247,247,247,247,322,322,472,472,628,628,628,124,,"pase",,,,,,,,
432,83,166,83,284,284,284,284,370,370,542,542,722,722,722,142,,"pase",,,,,,,,
433,85,169,85,264,264,264,264,359,359,511,511,651,651,651,133,,"pase",,,,,,,,
434,52,103,52,161,161,161,161,222,222,317,317,374,374,374,81,,"pase",,,,,,,,
435,33,66,33,103,103,103,103,137,137,194,194,277,277,277,52,,"pase",,,,,,,,
436,112,224,112,402,402,402,402,515,515,756,756,983,983,983,201,,"pase",,,,,,,,
437,82,164,82,294,294,294,294,378,378,551,551,721,721,721,147,,"pase",,,,,,,,
438,30,60,30,108,108,108,108,137,137,205,205,262,262,262,54,,"pase",,,,,,,,
439,60,120,60,206,206,206,206,267,267,392,392,522,522,522,103,,"pase",,,,,,,,
440,34,69,34,118,118,118,118,153,153,224,224,299,299,299,59,,"pase",,,,,,,,
441,26,51,26,88,88,88,88,114,114,168,168,223,223,223,44,,"pase",,,,,,,,
442,45,90,45,158,158,158,136,136,136,200,200,228,228,228,68,,"pase",,,,,,,,
443,79,159,80,264,264,264,231,231,231,319,319,361,361,361,116,,"pase",,,,,,,,
444,72,145,73,211,211,211,184,184,184,312,312,358,358,358,92,,"pase",,,,,,,,
445,83,166,84,225,225,225,197,197,197,319,319,348,348,348,99,,"pase",,,,,,,,
446,20,41,21,71,71,71,71,71,71,117,117,142,142,142,36,,"pase",,,,,,,,
447,20,40,20,71,71,71,71,71,71,117,117,140,140,140,36,,"pase",,,,,,,,
448,36,73,36,133,133,133,143,143,143,253,253,263,263,263,71,,"pase",,,,,,,,
449,24,49,24,91,91,91,98,98,98,173,173,178,178,178,49,,"pase",,,,,,,,
450,12,24,12,42,42,42,45,45,45,80,80,85,85,85,22,,"pase",,,,,,,,
451,28,57,28,102,102,102,113,113,113,211,211,220,220,220,56,,"pase",,,,,,,,
452,15,30,15,57,57,57,64,64,64,123,123,127,127,127,32,,"pase",,,,,,,,
453,13,27,13,45,45,45,49,49,49,88,88,93,93,93,24,,"pase",,,,,,,,
454,68,137,68,257,257,257,281,281,281,509,509,530,530,530,140,,"pase",,,,,,,,
455,47,94,47,155,155,155,170,170,170,308,308,320,320,320,85,,"pase",,,,,,,,
456,21,43,21,102,102,102,111,111,111,201,201,210,210,210,55,,"pase",,,,,,,,
459,24,48,25,74,74,74,,,,,,,,,,,"pase",,,,,,,,
460,37,75,38,126,126,126,170,170,170,264,264,328,328,328,86,,"pase",,,,,,,,
461,28,56,28,84,84,84,153,153,153,207,207,261,261,261,76,,"pase",,,,,,,,
462,19,39,19,64,64,64,64,64,64,120,120,177,177,177,39,,"pase",,,,,,,,
463,108,211,108,405,405,405,225,225,225,548,548,1317,1317,1317,193,,"pase",,,,,,,,
464,66,127,65,254,254,254,143,143,143,334,334,798,798,798,124,,"pase",,,,,,,,
465,41,79,41,166,166,166,96,96,96,219,219,515,515,515,82,,"pase",,,,,,,,
466,34,63,34,122,122,122,68,68,68,161,161,378,378,378,57,,"pase",,,,,,,,
467,24,43,24,72,72,72,43,43,43,103,103,244,244,244,38,,"pase",,,,,,,,
468,85,166,86,320,320,320,208,208,208,511,511,928,928,928,138,,"pase",,,,,,,,
469,55,104,55,196,196,196,128,128,128,316,316,557,557,557,86,,"pase",,,,,,,,
470,39,72,39,128,128,128,86,86,86,202,202,369,369,369,64,,"pase",,,,,,,,
471,82,164,82,319,319,319,192,192,192,474,474,994,994,994,154,,"pase",,,,,,,,
473,41,79,79,152,152,152,152,152,152,293,293,365,437,503,79,,"pase",,,,,,,,
474,42,80,80,154,154,154,154,154,154,296,296,371,443,514,80,,"pase",,,,,,,,
475,33,57,58,113,113,113,113,113,113,224,224,274,327,382,58,,"pase",,,,,,,,
476,8,15,8,20,20,20,20,20,28,28,37,37,37,37,11,,"pase",,,,,,,,
477,65,130,25,220,220,220,220,220,220,310,310,342,342,342,25,,"pase",,,,,,,,
478,16,32,16,65,65,65,65,65,65,65,65,65,65,65,32,,"Pase-capufe",,,,5,,,,
479,157,314,157,418,418,418,416,416,416,567,567,650,650,650,208,,"pase",,,,,,,,
480,64,128,65,171,171,171,170,170,170,211,211,241,241,241,86,,"pase",,,,,,,,
481,89,179,90,231,231,231,230,230,230,310,310,353,353,353,116,,"pase",,,,,,,,
483,65,130,65,171,171,171,171,171,171,231,231,263,263,263,130,,"pase",,,,,,,,
487,72,145,73,189,189,189,186,186,186,284,284,296,296,296,94,,"pase",,,,,,,,
486,163,326,163,415,415,415,403,403,403,603,603,669,669,669,202,,"pase",,,,,,,,
488,94,188,95,239,239,239,235,235,235,360,360,382,382,382,118,,"pase",,,,,,,,
489,68,136,68,175,175,175,169,169,169,241,241,289,289,289,85,,"pase",,,,,,,,
490,119,238,119,309,309,309,300,300,300,468,468,500,500,500,151,,"pase",,,,,,,,
491,44,88,44,112,112,112,109,109,109,136,136,170,170,170,55,,"pase",,,,,,,,
492,90,181,90,229,229,229,220,220,220,321,321,373,373,373,110,,"pase",,,,,,,,
496,26,53,27,71,71,71,71,71,71,106,106,109,109,109,36,,"pase",,,,,,,,
497,15,30,15,38,38,38,38,38,38,61,61,65,65,65,19,,"pase",,,,,,,,
500,21,43,21,91,91,91,89,89,89,184,184,294,294,294,44,,"pase",,,,,,,,
501,21,43,23,91,91,91,89,89,89,184,184,294,294,294,44,,"pase",,,,,,,,
502,47,95,47,172,172,172,172,172,172,252,252,329,329,329,87,,"pase",,,,,,,,
503,24,48,23,88,88,88,84,84,84,128,128,163,163,163,42,,"pase",,,,,,,,
505,16,32,16,70,70,70,70,70,140,140,233,233,233,233,36,,"Pase-capufe",,,,5,,,,
506,16,32,16,65,65,65,65,65,65,65,65,65,65,65,32,,"Pase-capufe",,,,5,,,,
507,9,17,9,33,33,33,33,33,53,53,75,75,75,75,17,,"pase",,,,,,,,
508,16,32,16,65,65,65,65,65,65,65,65,65,65,65,32,,"Pase-capufe",,,,5,,,,
509,16,32,16,65,65,65,65,65,65,65,65,65,65,65,32,,"Pase-capufe",,,,5,,,,
510,16,32,16,65,65,65,65,65,65,65,65,65,65,65,32,,"Pase-capufe",,,,5,,,,
512,16,32,16,65,65,65,65,65,65,65,65,65,65,65,32,,"Pase-capufe",,,,5,,,,
513,16,32,16,65,65,65,65,65,65,65,65,65,65,65,32,,"Pase-capufe",,,,5,,,,
515,54,110,54,190,190,190,190,190,190,275,275,323,323,323,110,,"pase",,,,,,,,
516,17,33,17,55,55,55,55,55,55,84,84,92,92,92,33,,"pase",,,,,,,,
518,48,97,48,175,175,175,175,175,312,312,449,449,449,449,88,,"pase",,,,,,,,
517,22,44,23,94,94,94,95,95,157,157,222,222,222,222,47,,"pase",,,,,,,,
520,22,44,23,94,94,94,94,94,114,114,130,130,130,130,46,,"pase",,,,,,,,
521,22,44,23,94,94,94,94,94,114,114,130,130,130,130,46,,"pase",,,,,,,,
522,20,40,20,80,80,80,80,80,97,97,113,113,113,113,40,,"pase",,,,,,,,
523,24,48,25,98,98,98,94,94,118,118,136,136,136,136,46,,"pase",,,,,,,,
524,285,570,291,1055,1055,1055,1055,1055,1055,1620,1620,2425,2425,2425,531,,"pase",,,,,,,,
525,232,465,238,885,885,885,885,885,885,1355,1355,2055,2055,2055,445,,"pase",,,,,,,,
526,210,420,215,820,820,820,820,820,820,1245,1245,1910,1910,1910,412,,"pase",,,,,,,,
527,192,385,197,735,735,735,735,735,735,1125,1125,1735,1735,1735,369,,"pase",,,,,,,,
528,175,350,179,685,685,685,685,685,685,1040,1040,1600,1600,1600,344,,"pase",,,,,,,,
529,147,295,151,575,575,575,575,575,575,875,875,1360,1360,1360,289,,"pase",,,,,,,,
530,120,240,123,480,480,480,480,480,480,745,745,1155,1155,1155,241,,"pase",,,,,,,,
531,112,225,115,430,430,430,430,430,430,675,675,1040,1040,1040,216,,"pase",,,,,,,,
532,105,210,107,375,375,375,375,375,375,600,600,915,915,915,188,,"pase",,,,,,,,
533,97,195,99,355,355,355,355,355,355,535,535,840,840,840,178,,"pase",,,,,,,,
534,82,165,84,300,300,300,300,300,300,465,465,735,735,735,150,,"pase",,,,,,,,
535,60,120,61,210,210,210,210,210,210,330,330,535,535,535,105,,"pase",,,,,,,,
536,52,105,53,180,180,180,180,180,180,260,260,440,440,440,90,,"pase",,,,,,,,
537,15,30,15,50,50,50,50,50,50,85,85,145,145,145,25,,"pase",,,,,,,,
538,270,540,276,1005,1005,1005,1005,1005,1005,1535,1535,2280,2280,2280,506,,"pase",,,,,,,,
539,217,435,223,835,835,835,835,835,835,1270,1270,1910,1910,1910,420,,"pase",,,,,,,,
540,195,390,200,770,770,770,770,770,770,1160,1160,1765,1765,1765,387,,"pase",,,,,,,,
541,177,355,182,685,685,685,685,685,685,1040,1040,1590,1590,1590,344,,"pase",,,,,,,,
542,160,320,164,635,635,635,635,635,635,955,955,1455,1455,1455,319,,"pase",,,,,,,,
543,132,265,136,525,525,525,525,525,525,790,790,1215,1215,1215,264,,"pase",,,,,,,,
544,105,210,108,430,430,430,430,430,430,660,660,1010,1010,1010,216,,"pase",,,,,,,,
545,97,195,100,380,380,380,380,380,380,590,590,895,895,895,191,,"pase",,,,,,,,
546,90,180,92,325,325,325,325,325,325,515,515,770,770,770,163,,"pase",,,,,,,,
547,82,165,84,305,305,305,305,305,305,450,450,695,695,695,153,,"pase",,,,,,,,
548,67,135,69,250,250,250,250,250,250,380,380,590,590,590,125,,"pase",,,,,,,,
549,45,90,46,160,160,160,160,160,160,245,245,390,390,390,80,,"pase",,,,,,,,
550,37,75,38,130,130,130,130,130,130,175,175,295,295,295,65,,"pase",,,,,,,,
551,15,30,15,50,50,50,50,50,50,85,85,145,145,145,25,,"pase",,,,,,,,
552,232,465,238,875,875,875,875,875,875,1360,1360,1985,1985,1985,441,,"pase",,,,,,,,
553,180,360,185,705,705,705,705,705,705,1095,1095,1615,1615,1615,355,,"pase",,,,,,,,
554,157,315,162,640,640,640,640,640,640,985,985,1470,1470,1470,322,,"pase",,,,,,,,
555,140,280,144,555,555,555,555,555,555,865,865,1295,1295,1295,279,,"pase",,,,,,,,
556,122,245,126,505,505,505,505,505,505,780,780,1160,1160,1160,254,,"pase",,,,,,,,
557,95,190,98,395,395,395,395,395,395,615,615,920,920,920,199,,"pase",,,,,,,,
558,67,135,70,300,300,300,300,300,300,485,485,715,715,715,151,,"pase",,,,,,,,
559,60,120,62,250,250,250,250,250,250,415,415,600,600,600,126,,"pase",,,,,,,,
560,52,105,54,195,195,195,195,195,195,340,340,475,475,475,98,,"pase",,,,,,,,
561,52,105,53,180,180,180,180,180,180,260,260,440,440,440,90,,"pase",,,,,,,,
562,45,90,46,175,175,175,175,175,175,275,275,400,400,400,88,,"pase",,,,,,,,
563,37,75,38,130,130,130,130,130,130,175,175,295,295,295,65,,"pase",,,,,,,,
564,30,60,31,120,120,120,120,120,120,205,205,295,295,295,60,,"pase",,,,,,,,
565,7,15,8,30,30,30,30,30,30,70,70,95,95,95,15,,"pase",,,,,,,,
566,232,465,238,875,875,875,875,875,875,1360,1360,1985,1985,1985,441,,"pase",,,,,,,,
567,52,105,53,180,180,180,180,180,180,260,260,440,440,440,90,,"pase",,,,,,,,
568,37,75,38,130,130,130,130,130,130,175,175,295,295,295,65,,"pase",,,,,,,,
569,225,450,230,845,845,845,845,845,845,1290,1290,1890,1890,1890,426,,"pase",,,,,,,,
570,172,345,177,675,675,675,675,675,675,1025,1025,1520,1520,1520,340,,"pase",,,,,,,,
571,150,300,154,610,610,610,610,610,610,915,915,1375,1375,1375,307,,"pase",,,,,,,,
572,132,265,136,525,525,525,525,525,525,795,795,1200,1200,1200,264,,"pase",,,,,,,,
573,115,230,118,475,475,475,475,475,475,710,710,1065,1065,1065,239,,"pase",,,,,,,,
574,87,175,90,365,365,365,365,365,365,545,545,825,825,825,184,,"pase",,,,,,,,
575,60,120,62,270,270,270,270,270,270,415,415,620,620,620,136,,"pase",,,,,,,,
576,60,120,61,210,210,210,210,210,210,330,330,535,535,535,105,,"pase",,,,,,,,
577,52,105,54,220,220,220,220,220,220,345,345,505,505,505,111,,"pase",,,,,,,,
578,45,90,46,160,160,160,160,160,160,245,245,390,390,390,80,,"pase",,,,,,,,
579,45,90,46,165,165,165,165,165,165,270,270,380,380,380,83,,"pase",,,,,,,,
580,37,75,38,145,145,145,145,145,145,205,205,305,305,305,73,,"pase",,,,,,,,
581,22,45,23,90,90,90,90,90,90,135,135,200,200,200,45,,"pase",,,,,,,,
582,7,15,8,30,30,30,30,30,30,70,70,95,95,95,15,,"pase",,,,,,,,
583,7,15,8,30,30,30,30,30,30,70,70,95,95,95,15,,"pase",,,,,,,,
584,202,405,207,755,755,755,755,755,755,1155,1155,1690,1690,1690,381,,"pase",,,,,,,,
585,150,300,154,585,585,585,585,585,585,890,890,1320,1320,1320,295,,"pase",,,,,,,,
586,127,255,131,520,520,520,520,520,520,780,780,1175,1175,1175,262,,"pase",,,,,,,,
587,110,220,113,435,435,435,435,435,435,660,660,1000,1000,1000,219,,"pase",,,,,,,,
588,92,185,95,385,385,385,385,385,385,575,575,865,865,865,194,,"pase",,,,,,,,
589,82,165,84,300,300,300,300,300,300,465,465,735,735,735,150,,"pase",,,,,,,,
590,67,135,69,250,250,250,250,250,250,380,380,590,590,590,125,,"pase",,,,,,,,
591,65,130,67,275,275,275,275,275,275,410,410,625,625,625,139,,"pase",,,,,,,,
592,37,75,39,180,180,180,180,180,180,280,280,420,420,420,91,,"pase",,,,,,,,
593,30,60,31,130,130,130,130,130,130,210,210,305,305,305,66,,"pase",,,,,,,,
594,30,60,31,120,120,120,120,120,120,205,205,295,295,295,60,,"pase",,,,,,,,
595,30,60,31,120,120,120,120,120,120,205,205,295,295,295,60,,"pase",,,,,,,,
596,22,45,23,75,75,75,75,75,75,135,135,180,180,180,38,,"pase",,,,,,,,
597,22,45,23,90,90,90,90,90,90,135,135,200,200,200,45,,"pase",,,,,,,,
598,15,30,15,55,55,55,55,55,55,70,70,105,105,105,28,,"pase",,,,,,,,
599,187,375,192,700,700,700,700,700,700,1085,1085,1585,1585,1585,353,,"pase",,,,,,,,
600,135,270,139,530,530,530,530,530,530,820,820,1215,1215,1215,267,,"pase",,,,,,,,
601,112,225,116,465,465,465,465,465,465,710,710,1070,1070,1070,234,,"pase",,,,,,,,
602,97,195,99,355,355,355,355,355,355,535,535,840,840,840,178,,"pase",,,,,,,,
603,95,190,98,380,380,380,380,380,380,590,590,895,895,895,191,,"pase",,,,,,,,
604,82,165,84,305,305,305,305,305,305,450,450,695,695,695,153,,"pase",,,,,,,,
605,77,155,80,330,330,330,330,330,330,505,505,760,760,760,166,,"pase",,,,,,,,
606,50,100,52,220,220,220,220,220,220,340,340,520,520,520,111,,"pase",,,,,,,,
607,45,90,46,175,175,175,175,175,175,275,275,400,400,400,88,,"pase",,,,,,,,
608,45,90,46,175,175,175,175,175,175,275,275,400,400,400,88,,"pase",,,,,,,,
609,37,75,38,145,145,145,145,145,145,205,205,305,305,305,73,,"pase",,,,,,,,
610,22,45,24,125,125,125,125,125,125,210,210,315,315,315,63,,"pase",,,,,,,,
611,15,30,16,75,75,75,75,75,75,140,140,200,200,200,38,,"pase",,,,,,,,
612,15,30,15,55,55,55,55,55,55,70,70,105,105,105,28,,"pase",,,,,,,,
613,7,15,8,20,20,20,20,20,20,65,65,75,75,75,10,,"pase",,,,,,,,
614,180,360,184,680,680,680,680,680,680,1020,1020,1510,1510,1510,343,,"pase",,,,,,,,
615,127,255,131,510,510,510,510,510,510,755,755,1140,1140,1140,257,,"pase",,,,,,,,
616,105,210,107,375,375,375,375,375,375,600,600,915,915,915,188,,"pase",,,,,,,,
617,105,210,108,445,445,445,445,445,445,645,645,995,995,995,224,,"pase",,,,,,,,
618,90,180,92,325,325,325,325,325,325,515,515,770,770,770,163,,"pase",,,,,,,,
619,87,175,90,360,360,360,360,360,360,525,525,820,820,820,181,,"pase",,,,,,,,
620,70,140,72,310,310,310,310,310,310,440,440,685,685,685,156,,"pase",,,,,,,,
621,52,105,54,195,195,195,195,195,195,340,340,475,475,475,98,,"pase",,,,,,,,
622,52,105,54,195,195,195,195,195,195,340,340,475,475,475,98,,"pase",,,,,,,,
623,45,90,46,165,165,165,165,165,165,270,270,380,380,380,83,,"pase",,,,,,,,
624,42,85,44,200,200,200,200,200,200,275,275,445,445,445,101,,"pase",,,,,,,,
625,22,45,23,75,75,75,75,75,75,135,135,180,180,180,38,,"pase",,,,,,,,
626,15,30,16,105,105,105,105,105,105,145,145,240,240,240,53,,"pase",,,,,,,,
627,7,15,8,55,55,55,55,55,55,75,75,125,125,125,28,,"pase",,,,,,,,
628,7,15,8,20,20,20,20,20,20,65,65,75,75,75,10,,"pase",,,,,,,,
629,165,330,168,575,575,575,575,575,575,875,875,1270,1270,1270,290,,"pase",,,,,,,,
630,120,240,123,480,480,480,480,480,480,745,745,1155,1155,1155,241,,"pase",,,,,,,,
631,112,225,115,405,405,405,405,405,405,610,610,900,900,900,204,,"pase",,,,,,,,
632,105,210,108,430,430,430,430,430,430,660,660,1010,1010,1010,216,,"pase",,,,,,,,
633,90,180,92,340,340,340,340,340,340,500,500,755,755,755,171,,"pase",,,,,,,,
634,72,145,74,255,255,255,255,255,255,380,380,580,580,580,128,,"pase",,,,,,,,
635,67,135,70,300,300,300,300,300,300,485,485,715,715,715,151,,"pase",,,,,,,,
636,67,135,70,300,300,300,300,300,300,485,485,715,715,715,151,,"pase",,,,,,,,
637,60,120,62,270,270,270,270,270,270,415,415,620,620,620,136,,"pase",,,,,,,,
638,55,110,56,205,205,205,205,205,205,295,295,445,445,445,103,,"pase",,,,,,,,
639,37,75,39,180,180,180,180,180,180,280,280,420,420,420,91,,"pase",,,,,,,,
640,27,55,28,95,95,95,95,95,95,130,130,205,205,205,48,,"pase",,,,,,,,
641,22,45,24,125,125,125,125,125,125,210,210,315,315,315,63,,"pase",,,,,,,,
642,15,30,16,105,105,105,105,105,105,145,145,240,240,240,53,,"pase",,,,,,,,
643,7,15,8,50,50,50,50,50,50,70,70,115,115,115,25,,"pase",,,,,,,,
644,147,295,151,575,575,575,575,575,575,875,875,1360,1360,1360,289,,"pase",,,,,,,,
645,137,275,140,480,480,480,480,480,480,745,745,1065,1065,1065,242,,"pase",,,,,,,,
646,132,265,136,525,525,525,525,525,525,790,790,1215,1215,1215,264,,"pase",,,,,,,,
647,95,190,98,395,395,395,395,395,395,615,615,920,920,920,199,,"pase",,,,,,,,
648,95,190,98,395,395,395,395,395,395,615,615,920,920,920,199,,"pase",,,,,,,,
649,87,175,90,365,365,365,365,365,365,545,545,825,825,825,184,,"pase",,,,,,,,
650,85,170,87,310,310,310,310,310,310,480,480,695,695,695,156,,"pase",,,,,,,,
651,65,130,67,275,275,275,275,275,275,410,410,625,625,625,139,,"pase",,,,,,,,
652,62,125,64,245,245,245,245,245,245,370,370,550,550,550,123,,"pase",,,,,,,,
653,50,100,52,220,220,220,220,220,220,340,340,520,520,520,111,,"pase",,,,,,,,
654,45,90,46,160,160,160,160,160,160,250,250,375,375,375,80,,"pase",,,,,,,,
655,42,85,44,200,200,200,200,200,200,275,275,445,445,445,101,,"pase",,,,,,,,
657,27,55,28,95,95,95,95,95,95,130,130,205,205,205,48,,"pase",,,,,,,,
658,27,55,28,110,110,110,110,110,110,165,165,240,240,240,55,,"pase",,,,,,,,
656,27,55,28,95,95,95,95,95,95,130,130,205,205,205,48,,"pase",,,,,,,,
660,160,320,164,635,635,635,635,635,635,955,955,1455,1455,1455,319,,"pase",,,,,,,,
661,122,245,126,505,505,505,505,505,505,780,780,1160,1160,1160,254,,"pase",,,,,,,,
662,122,245,126,505,505,505,505,505,505,780,780,1160,1160,1160,254,,"pase",,,,,,,,
663,115,230,118,475,475,475,475,475,475,710,710,1065,1065,1065,239,,"pase",,,,,,,,
664,110,220,112,370,370,370,370,370,370,580,580,825,825,825,187,,"pase",,,,,,,,
665,92,185,95,385,385,385,385,385,385,575,575,865,865,865,194,,"pase",,,,,,,,
666,77,155,80,330,330,330,330,330,330,505,505,760,760,760,166,,"pase",,,,,,,,
667,70,140,72,310,310,310,310,310,310,440,440,685,685,685,156,,"pase",,,,,,,,
668,62,125,64,225,225,225,225,225,225,365,365,560,560,560,128,,"pase",,,,,,,,
669,57,115,59,200,200,200,200,200,200,315,315,455,455,455,101,,"pase",,,,,,,,
670,55,110,56,205,205,205,205,205,205,295,295,445,445,445,103,,"pase",,,,,,,,
671,35,70,36,135,135,135,135,135,135,205,205,310,310,310,68,,"pase",,,,,,,,
672,27,55,28,110,110,110,110,110,110,165,165,240,240,240,55,,"pase",,,,,,,,
673,17,35,18,50,50,50,50,50,50,85,85,135,135,135,25,,"pase",,,,,,,,
674,192,385,197,735,735,735,735,735,735,1125,1125,1735,1735,1735,369,,"pase",,,,,,,,
675,177,355,182,685,685,685,685,685,685,1040,1040,1590,1590,1590,344,,"pase",,,,,,,,
676,140,280,144,555,555,555,555,555,555,865,865,1295,1295,1295,279,,"pase",,,,,,,,
677,140,280,144,555,555,555,555,555,555,865,865,1295,1295,1295,279,,"pase",,,,,,,,
678,132,265,136,525,525,525,525,525,525,795,795,1200,1200,1200,264,,"pase",,,,,,,,
679,110,220,113,435,435,435,435,435,435,660,660,1000,1000,1000,219,,"pase",,,,,,,,
680,95,190,98,380,380,380,380,380,380,590,590,895,895,895,191,,"pase",,,,,,,,
681,92,185,94,320,320,320,320,320,320,495,495,690,690,690,162,,"pase",,,,,,,,
682,87,175,90,360,360,360,360,360,360,525,525,820,820,820,181,,"pase",,,,,,,,
684,72,145,74,255,255,255,255,255,255,380,380,580,580,580,128,,"pase",,,,,,,,
683,72,145,74,255,255,255,255,255,255,380,380,580,580,580,128,,"pase",,,,,,,,
685,45,90,46,160,160,160,160,160,160,250,250,375,375,375,80,,"pase",,,,,,,,
686,40,80,41,150,150,150,150,150,150,230,230,320,320,320,76,,"pase",,,,,,,,
687,17,35,18,85,85,85,85,85,85,120,120,175,175,175,43,,"pase",,,,,,,,
688,17,35,18,50,50,50,50,50,50,85,85,135,135,135,25,,"pase",,,,,,,,
690,195,390,200,770,770,770,770,770,770,1160,1160,1765,1765,1765,387,,"pase",,,,,,,,
691,157,315,162,640,640,640,640,640,640,985,985,1470,1470,1470,322,,"pase",,,,,,,,
692,157,315,162,640,640,640,640,640,640,985,985,1470,1470,1470,322,,"pase",,,,,,,,
693,150,300,154,610,610,610,610,610,610,915,915,1375,1375,1375,307,,"pase",,,,,,,,
694,127,255,131,520,520,520,520,520,520,780,780,1175,1175,1175,262,,"pase",,,,,,,,
695,112,225,116,465,465,465,465,465,465,710,710,1070,1070,1070,234,,"pase",,,,,,,,
696,105,210,108,445,445,445,445,445,445,645,645,995,995,995,224,,"pase",,,,,,,,
697,97,195,100,390,390,390,390,390,390,570,570,870,870,870,196,,"pase",,,,,,,,
698,90,180,92,340,340,340,340,340,340,500,500,755,755,755,171,,"pase",,,,,,,,
699,75,150,76,235,235,235,235,235,235,375,375,515,515,515,119,,"pase",,,,,,,,
700,62,125,64,245,245,245,245,245,245,370,370,550,550,550,123,,"pase",,,,,,,,
701,35,70,36,135,135,135,135,135,135,205,205,310,310,310,68,,"pase",,,,,,,,
702,22,45,23,65,65,65,65,65,65,110,110,145,145,145,33,,"pase",,,,,,,,
703,17,35,18,85,85,85,85,85,85,120,120,175,175,175,43,,"pase",,,,,,,,
704,232,465,238,885,885,885,885,885,885,1355,1355,2055,2055,2055,445,,"pase",,,,,,,,
705,217,435,223,835,835,835,835,835,835,1270,1270,1910,1910,1910,420,,"pase",,,,,,,,
706,180,360,185,705,705,705,705,705,705,1095,1095,1615,1615,1615,355,,"pase",,,,,,,,
707,180,360,185,705,705,705,705,705,705,1095,1095,1615,1615,1615,355,,"pase",,,,,,,,
708,172,345,177,675,675,675,675,675,675,1025,1025,1520,1520,1520,340,,"pase",,,,,,,,
709,150,300,154,585,585,585,585,585,585,890,890,1320,1320,1320,295,,"pase",,,,,,,,
710,135,270,139,530,530,530,530,530,530,820,820,1215,1215,1215,267,,"pase",,,,,,,,
711,127,255,131,510,510,510,510,510,510,755,755,1140,1140,1140,257,,"pase",,,,,,,,
712,120,240,123,455,455,455,455,455,455,680,680,1015,1015,1015,229,,"pase",,,,,,,,
713,112,225,115,405,405,405,405,405,405,610,610,900,900,900,204,,"pase",,,,,,,,
714,85,170,87,310,310,310,310,310,310,480,480,695,695,695,156,,"pase",,,,,,,,
715,57,115,59,200,200,200,200,200,200,315,315,455,455,455,101,,"pase",,,,,,,,
716,52,105,53,170,170,170,170,170,170,265,265,370,370,370,86,,"pase",,,,,,,,
717,40,80,41,150,150,150,150,150,150,230,230,320,320,320,76,,"pase",,,,,,,,
718,22,45,23,65,65,65,65,65,65,110,110,145,145,145,33,,"pase",,,,,,,,
719,285,570,291,1055,1055,1055,1055,1055,1055,1620,1620,2425,2425,2425,531,,"pase",,,,,,,,
720,270,540,276,1005,1005,1005,1005,1005,1005,1535,1535,2280,2280,2280,506,,"pase",,,,,,,,
721,232,465,238,875,875,875,875,875,875,1360,1360,1985,1985,1985,441,,"pase",,,,,,,,
722,232,465,238,875,875,875,875,875,875,1360,1360,1985,1985,1985,441,,"pase",,,,,,,,
723,225,450,230,845,845,845,845,845,845,1290,1290,1890,1890,1890,426,,"pase",,,,,,,,
724,202,405,207,755,755,755,755,755,755,1155,1155,1690,1690,1690,381,,"pase",,,,,,,,
725,187,375,192,700,700,700,700,700,700,1085,1085,1585,1585,1585,353,,"pase",,,,,,,,
726,180,360,184,680,680,680,680,680,680,1020,1020,1510,1510,1510,343,,"pase",,,,,,,,
727,165,330,168,575,575,575,575,575,575,875,875,1270,1270,1270,290,,"pase",,,,,,,,
728,165,330,168,575,575,575,575,575,575,875,875,1270,1270,1270,290,,"pase",,,,,,,,
729,137,275,140,480,480,480,480,480,480,745,745,1065,1065,1065,242,,"pase",,,,,,,,
730,110,220,112,370,370,370,370,370,370,580,580,825,825,825,187,,"pase",,,,,,,,
731,92,185,94,320,320,320,320,320,320,495,495,690,690,690,162,,"pase",,,,,,,,
732,75,150,76,235,235,235,235,235,235,375,375,515,515,515,119,,"pase",,,,,,,,
733,52,105,53,170,170,170,170,170,170,265,265,370,370,370,86,,"pase",,,,,,,,
734,7,15,8,25,25,25,25,25,25,60,60,70,70,70,13,,"pase",,,,,,,,
735,172,345,176,625,625,625,625,625,625,945,945,1385,1385,1385,315,,"pase",,,,,,,,
736,120,240,123,455,455,455,455,455,455,680,680,1015,1015,1015,229,,"pase",,,,,,,,
737,112,225,115,430,430,430,430,430,430,675,675,1040,1040,1040,216,,"pase",,,,,,,,
738,97,195,100,380,380,380,380,380,380,590,590,895,895,895,191,,"pase",,,,,,,,
739,97,195,100,390,390,390,390,390,390,570,570,870,870,870,196,,"pase",,,,,,,,
740,80,160,82,305,305,305,305,305,305,450,450,695,695,695,153,,"pase",,,,,,,,
741,62,125,64,225,225,225,225,225,225,365,365,560,560,560,128,,"pase",,,,,,,,
742,60,120,62,250,250,250,250,250,250,415,415,600,600,600,126,,"pase",,,,,,,,
743,60,120,62,250,250,250,250,250,250,415,415,600,600,600,126,,"pase",,,,,,,,
744,52,105,54,220,220,220,220,220,220,345,345,505,505,505,111,,"pase",,,,,,,,
745,35,70,36,145,145,145,145,145,145,200,200,320,320,320,73,,"pase",,,,,,,,
746,30,60,31,130,130,130,130,130,130,210,210,305,305,305,66,,"pase",,,,,,,,
747,15,30,16,75,75,75,75,75,75,140,140,200,200,200,38,,"pase",,,,,,,,
748,7,15,8,50,50,50,50,50,50,70,70,115,115,115,25,,"pase",,,,,,,,
749,7,15,8,55,55,55,55,55,55,75,75,125,125,125,28,,"pase",,,,,,,,
750,75,151,76,224,224,224,224,291,291,417,417,534,534,534,112,,"pase",,,,,,,,
751,44,88,44,130,130,130,130,169,169,242,242,310,310,310,65,,"pase",,,,,,,,
753,27,55,27,78,78,78,78,101,101,142,142,183,183,183,39,,"pase",,,,,,,,
754,25,51,26,76,76,76,76,98,98,141,141,180,180,180,38,,"pase",,,,,,,,
755,10,21,9,27,27,27,27,39,39,55,55,64,64,64,14,,"pase",,,,,,,,
756,25,50,25,75,75,75,135,135,135,242,242,242,242,242,67,,"pase",,,,,,,,
757,60,121,60,182,182,182,324,324,324,582,582,582,582,582,162,,"pase",,,,,,,,
758,93,186,93,280,280,280,501,501,501,900,900,900,900,900,250,,"pase",,,,,,,,
759,35,71,35,106,106,106,190,190,190,341,341,341,341,341,95,,"pase",,,,,,,,
760,68,136,68,205,205,205,366,366,366,658,658,658,658,658,183,,"pase",,,,,,,,
761,25,50,25,75,75,75,135,135,135,242,242,242,242,242,67,,"pase",,,,,,,,
762,33,66,33,99,99,99,177,177,177,317,317,317,317,317,88,,"pase",,,,,,,,
763,35,71,35,106,106,106,190,190,190,341,341,341,341,341,95,,"pase",,,,,,,,
764,60,121,60,182,182,182,324,324,324,582,582,582,582,582,162,,"pase",,,,,,,,
765,33,66,33,99,99,99,177,177,177,317,317,317,317,317,88,,"pase",,,,,,,,
766,68,136,68,205,205,205,366,366,366,658,658,658,658,658,183,,"pase",,,,,,,,
767,93,186,93,280,280,280,501,501,501,900,900,900,900,900,250,,"pase",,,,,,,,
768,23,46,24,98,98,98,97,97,155,155,155,155,155,155,48,,"pase",,,,,,,,
769,53,107,54,218,218,218,214,214,343,343,343,343,343,343,107,,"pase",,,,,,,,
770,41,83,41,167,167,167,165,165,264,264,264,264,264,264,83,,"pase",,,,,,,,
771,44,89,44,182,182,182,179,179,287,287,287,287,287,287,90,,"pase",,,,,,,,
772,24,48,25,100,100,100,99,99,158,158,158,158,158,158,51,,"pase",,,,,,,,
773,27,54,27,108,108,108,105,105,170,170,170,170,170,170,54,,"pase",,,,,,,,
774,38,77,39,158,158,158,155,155,250,250,250,250,250,250,77,,"pase",,,,,,,,
775,57,114,58,232,232,232,228,228,366,366,366,366,366,366,114,,"pase",,,,,,,,
776,35,70,36,143,143,143,141,141,227,227,227,227,227,227,71,,"pase",,,,,,,,
777,31,63,32,129,129,129,127,127,203,203,203,203,203,203,63,,"pase",,,,,,,,
778,57,114,58,232,232,232,228,228,366,366,366,366,366,366,114,,"pase",,,,,,,,
779,57,114,58,232,232,232,228,228,366,366,366,366,366,366,114,,"pase",,,,,,,,
780,53,107,54,218,218,218,214,214,343,343,343,343,343,343,107,,"pase",,,,,,,,
781,44,89,44,182,182,182,179,179,287,287,287,287,287,287,90,,"pase",,,,,,,,
782,30,60,30,105,105,105,105,105,105,155,155,200,200,200,54,,"pase",,,,,,,,
783,87,175,87,290,290,290,290,290,290,370,370,500,500,500,150,,"pase",,,,,,,,
784,50,100,50,135,135,135,135,135,135,170,170,260,260,260,67,,"pase",,,,,,,,
785,30,60,30,75,75,75,75,75,75,90,90,130,130,130,38,,"pase",,,,,,,,
786,54,108,54,160,160,160,160,160,160,200,200,300,300,300,78,,"pase",,,,,,,,
787,30,60,30,70,70,70,70,70,70,88,88,130,130,130,35,,"pase",,,,,,,,
788,37,75,37,92,92,92,92,92,92,110,110,180,180,180,45,,"pase",,,,,,,,
789,41,82,41,206,206,206,206,206,206,329,329,370,370,370,103,,"pase",,,,,,,,
790,28,56,28,140,140,140,140,140,140,223,223,251,251,251,70,,"pase",,,,,,,,
791,12,23,12,59,59,59,59,59,59,94,94,106,106,106,29,,"pase",,,,,,,,
792,41,82,41,206,206,206,206,206,206,329,329,370,370,370,103,,"pase",,,,,,,,
793,12,24,12,59,59,59,59,59,59,95,95,106,106,106,29,,"pase",,,,,,,,
794,23,47,23,117,117,117,117,117,117,188,188,211,211,211,59,,"pase",,,,,,,,
795,24,47,24,118,118,118,118,118,118,188,188,212,212,212,59,,"pase",,,,,,,,
796,10,21,10,52,52,52,52,52,52,83,83,93,93,93,26,,"pase",,,,,,,,
797,27,54,27,137,137,137,137,137,137,219,219,246,246,246,68,,"pase",,,,,,,,
798,10,19,10,49,49,49,49,49,49,78,78,87,87,87,24,,"pase",,,,,,,,
799,84,168,85,361,361,361,361,361,444,601,665,897,897,897,180,,"pase",,,,,,,,
800,62,124,62,277,277,277,277,277,277,434,434,666,666,666,138,,"pase",,,,,,,,
801,58,116,58,260,260,260,260,260,260,408,408,626,626,626,130,,"pase",,,,,,,,
803,29,59,29,133,133,133,133,133,133,208,208,320,320,320,66,,"pase",,,,,,,,
804,12,24,12,53,53,53,53,53,53,83,83,127,127,127,26,,"pase",,,,,,,,
805,84,168,85,361,361,361,361,361,444,601,665,897,897,897,180,,"pase",,,,,,,,
806,72,144,73,308,308,308,308,308,391,519,583,770,770,770,154,,"pase",,,,,,,,
807,54,108,55,228,228,228,228,228,311,393,457,577,577,577,114,,"pase",,,,,,,,
809,26,52,27,101,101,101,101,101,184,193,257,271,271,271,50,,"pase",,,,,,,,
811,46,93,46,207,207,207,207,207,207,325,325,499,499,499,103,,"pase",,,,,,,,
810,58,116,58,260,260,260,260,260,260,408,408,626,626,626,130,,"pase",,,,,,,,
813,26,52,27,101,101,101,101,101,184,193,257,271,271,271,50,,"pase",,,,,,,,
812,28,57,28,127,127,127,127,127,127,200,200,306,306,306,63,,"pase",,,,,,,,
815,4,8,4,17,17,17,17,17,17,26,26,40,40,40,8,,"pase",,,,,,,,
822,54,108,55,228,228,228,228,228,311,393,457,577,577,577,114,,"pase",,,,,,,,
823,18,36,18,80,80,80,80,80,80,126,126,193,193,193,40,,"pase",,,,,,,,
824,32,64,32,144,144,144,144,144,144,226,226,346,346,346,72,,"pase",,,,,,,,
825,29,59,29,133,133,133,133,133,133,208,208,320,320,320,66,,"pase",,,,,,,,
826,28,57,28,127,127,127,127,127,127,200,200,306,306,306,63,,"pase",,,,,,,,
828,72,144,73,308,308,308,308,308,391,519,583,770,770,770,154,,"pase",,,,,,,,
829,50,100,50,224,224,224,224,224,224,352,352,539,539,539,112,,"pase",,,,,,,,
830,46,93,46,207,207,207,207,207,207,325,325,499,499,499,103,,"pase",,,,,,,,
832,18,36,18,80,80,80,80,80,80,126,126,193,193,193,40,,"pase",,,,,,,,
833,12,24,12,53,53,53,53,53,53,83,83,127,127,127,26,,"pase",,,,,,,,
834,47,94,42,233,233,233,233,233,233,279,279,398,398,398,116,,"pase",,,,,,,,
835,25,50,22,124,124,124,124,124,124,148,148,212,212,212,62,,"pase",,,,,,,,
836,22,45,20,110,110,110,110,110,110,132,132,189,189,189,55,,"pase",,,,,,,,
837,31,62,28,154,154,154,154,154,154,185,185,263,263,263,77,,"pase",,,,,,,,
838,9,18,8,45,45,45,45,45,45,53,53,76,76,76,22,,"pase",,,,,,,,
1436,6,13,6,32,32,32,32,32,32,38,38,54,54,54,16,,"tollbooth",,,,,,,,
839,2,5,2,13,13,13,13,13,13,16,16,23,23,23,6,,"pase",,,,,,,,
840,24,49,22,123,123,123,123,123,123,147,147,210,210,210,61,,"pase",,,,,,,,
841,27,54,24,134,134,134,134,134,134,160,160,229,229,229,67,,"pase",,,,,,,,
842,52,104,47,257,257,257,257,257,257,309,309,440,440,440,128,,"pase",,,,,,,,
843,36,72,32,178,178,178,178,178,178,214,214,305,305,305,89,,"pase",,,,,,,,
844,29,59,27,147,147,147,147,147,147,176,176,252,252,252,73,,"pase",,,,,,,,
845,9,19,9,48,48,48,48,48,48,57,57,82,82,82,24,,"pase",,,,,,,,
846,5,10,4,24,24,24,24,24,24,29,29,42,42,42,12,,"pase",,,,,,,,
847,4,9,4,23,23,23,23,23,23,28,28,40,40,40,11,,"pase",,,,,,,,
1433,24,48,93,85,85,85,85,85,85,91,91,91,91,91,93,,"imt",,,,,,,,
1434,32,64,93,113,113,113,113,113,113,120,120,120,120,120,93,,"imt",,,,,,,,
1435,42,82,93,136,136,136,136,136,136,144,144,144,144,144,93,,"imt",,,,,,,,
866,42,82,93,136,136,136,136,136,136,144,144,144,144,144,93,,"pase",,,,,,,,
1432,55,111,93,202,202,202,202,202,202,222,222,222,222,222,93,,"imt",,,,,,,,
1431,55,111,93,202,202,202,202,202,202,222,222,222,222,222,93,,"imt",,,,,,,,
870,82,164,93,291,291,291,291,291,291,313,313,313,313,313,93,,"pase",,,,,,,,
850,90,179,93,316,316,316,316,316,316,342,342,342,342,342,93,,"pase",,,,,,,,
859,96,192,93,340,340,340,340,340,340,365,365,365,365,365,93,,"pase",,,,,,,,
863,96,192,93,340,340,340,340,340,340,365,365,365,365,365,93,,"pase",,,,,,,,
868,35,70,93,119,119,119,119,119,119,127,127,127,127,127,93,,"pase",,,,,,,,
848,43,86,93,147,147,147,147,147,147,156,156,156,156,156,93,,"pase",,,,,,,,
854,50,100,93,170,170,170,170,170,170,182,182,182,182,182,93,,"pase",,,,,,,,
858,50,100,93,170,170,170,170,170,170,182,182,182,182,182,93,,"pase",,,,,,,,
855,65,129,93,236,236,236,236,236,236,260,260,260,260,260,93,,"pase",,,,,,,,
862,65,129,93,236,236,236,236,236,236,260,260,260,260,260,93,,"pase",,,,,,,,
851,8,15,8,27,27,27,27,27,27,29,29,29,29,29,8,,"pase",,,,,,,,
860,15,29,16,59,59,59,59,59,59,63,63,63,63,63,16,,"pase",,,,,,,,
869,15,29,16,59,59,59,59,59,59,63,63,63,63,63,16,,"pase",,,,,,,,
1430,24,48,93,85,85,85,85,85,85,91,91,91,91,91,93,,"imt",,,,,,,,
856,35,70,93,119,119,119,119,119,119,127,127,127,127,127,93,,"pase",,,,,,,,
864,82,164,93,291,291,291,291,291,291,313,313,313,313,313,93,,"pase",,,,,,,,
849,6,11,6,23,23,23,23,23,23,26,26,26,26,26,6,,"pase",,,,,,,,
857,6,11,6,23,23,23,23,23,23,26,26,26,26,26,6,,"pase",,,,,,,,
867,8,15,8,27,27,27,27,27,27,29,29,29,29,29,8,,"pase",,,,,,,,
865,32,64,93,113,113,113,113,113,113,120,120,120,120,120,93,,"pase",,,,,,,,
853,43,86,93,147,147,147,147,147,147,156,156,156,156,156,93,,"pase",,,,,,,,
861,90,179,93,316,316,316,316,316,316,342,342,342,342,342,93,,"pase",,,,,,,,
852,9,18,9,32,32,32,32,32,32,35,35,35,35,35,9,,"pase",,,,,,,,
871,111,223,111,427,427,427,427,607,607,930,930,1239,1239,1239,213,,"pase",,,,,,,,
872,111,223,111,427,427,427,427,607,607,930,930,1239,1239,1239,213,,"pase",,,,,,,,
873,64,129,65,233,233,233,233,341,341,503,503,683,683,683,114,,"pase",,,,,,,,
874,64,129,65,233,233,233,233,341,341,503,503,683,683,683,114,,"pase",,,,,,,,
875,47,94,46,194,194,194,194,266,266,427,427,556,556,556,98,,"pase",,,,,,,,
876,47,94,46,194,194,194,194,266,266,427,427,556,556,556,98,,"pase",,,,,,,,
877,17,35,19,39,39,39,39,75,75,76,76,127,127,127,16,,"pase",,,,,,,,
878,192,385,192,711,711,711,711,1022,1022,1588,1588,2111,2111,2111,357,,"pase",,,,,,,,
879,192,385,192,711,711,711,711,1022,1022,1588,1588,2111,2111,2111,357,,"pase",,,,,,,,
880,160,321,160,597,597,597,597,859,859,1330,1330,1769,1769,1769,299,,"pase",,,,,,,,
881,160,321,160,597,597,597,597,859,859,1330,1330,1769,1769,1769,299,,"pase",,,,,,,,
882,143,286,144,531,531,531,531,763,763,1181,1181,1570,1570,1570,266,,"pase",,,,,,,,
883,143,286,144,531,531,531,531,763,763,1181,1181,1570,1570,1570,266,,"pase",,,,,,,,
884,117,235,117,437,437,437,437,627,627,973,973,1294,1294,1294,218,,"pase",,,,,,,,
885,117,235,117,437,437,437,437,627,627,973,973,1294,1294,1294,218,,"pase",,,,,,,,
886,100,200,101,371,371,371,371,531,531,824,824,1095,1095,1095,185,,"pase",,,,,,,,
887,100,200,101,371,371,371,371,531,531,824,824,1095,1095,1095,185,,"pase",,,,,,,,
888,68,136,69,256,256,256,256,367,367,566,566,753,753,753,127,,"pase",,,,,,,,
889,68,136,69,256,256,256,256,367,367,566,566,753,753,753,127,,"pase",,,,,,,,
890,12,25,13,48,48,48,48,68,68,104,104,139,139,139,23,,"pase",,,,,,,,
891,71,144,73,262,348,417,260,346,415,588,647,820,906,954,123,,"pase",,,,,,,,
892,45,91,47,161,202,235,159,200,233,333,362,463,503,526,76,,"pase",,,,,,,,
893,33,68,35,117,138,155,115,136,153,223,238,307,328,340,56,,"pase",,,,,,,,
894,33,68,35,117,138,155,115,136,153,223,238,307,328,340,56,,"pase",,,,,,,,
895,21,43,23,70,70,70,68,68,68,104,104,140,140,140,34,,"pase",,,,,,,,
896,20,41,22,90,90,90,92,92,92,144,144,205,205,205,13,,"pase",,,,,,,,
897,15,31,15,48,48,48,44,44,44,71,71,90,90,90,23,,"pase",,,,,,,,
898,15,31,15,43,43,43,44,44,44,66,66,95,95,95,23,,"pase",,,,,,,,
899,10,20,10,38,38,38,37,37,37,56,56,73,73,73,19,,"pase",,,,,,,,
900,4,9,4,21,21,21,25,25,25,28,28,33,33,33,12,,"pase",,,,,,,,
901,4,8,4,17,17,17,14,14,14,26,26,30,30,30,8,,"pase",,,,,,,,
902,81,164,82,302,388,457,295,381,450,642,701,876,962,1010,142,,"pase",,,,,,,,
903,55,111,56,201,242,275,194,235,268,387,416,519,559,582,95,,"pase",,,,,,,,
904,45,92,48,175,175,175,168,168,168,269,269,358,358,358,53,,"pase",,,,,,,,
905,43,88,44,157,178,195,150,171,188,277,292,363,384,396,75,,"pase",,,,,,,,
906,43,88,44,157,178,195,150,171,188,277,292,363,384,396,75,,"pase",,,,,,,,
907,31,63,32,110,110,110,103,103,103,158,158,196,196,196,53,,"pase",,,,,,,,
908,31,63,32,110,110,110,103,103,103,158,158,195,195,195,53,,"pase",,,,,,,,
909,27,55,28,95,95,95,92,92,92,132,132,175,175,175,46,,"pase",,,,,,,,
910,27,54,27,84,84,84,90,90,90,128,128,168,168,168,45,,"pase",,,,,,,,
911,15,31,15,55,55,55,55,55,55,85,85,108,108,108,28,,"pase",,,,,,,,
912,10,20,10,38,38,38,37,37,37,56,56,73,73,73,19,,"pase",,,,,,,,
913,4,8,4,17,17,17,14,14,14,31,31,38,38,38,8,,"pase",,,,,,,,
914,77,156,78,283,369,438,283,369,438,615,674,850,936,984,134,,"pase",,,,,,,,
915,51,103,52,182,223,256,182,223,256,360,389,493,533,556,87,,"pase",,,,,,,,
916,39,80,40,138,159,176,138,159,176,250,265,337,358,370,67,,"pase",,,,,,,,
917,39,80,40,138,159,176,138,159,176,250,265,337,358,370,67,,"pase",,,,,,,,
918,31,63,32,110,110,110,103,103,103,158,158,195,195,195,53,,"pase",,,,,,,,
919,31,63,32,110,110,110,103,103,103,158,158,195,195,195,53,,"pase",,,,,,,,
920,27,55,28,91,91,91,91,91,91,131,131,170,170,170,45,,"pase",,,,,,,,
921,20,41,21,66,66,66,68,68,68,95,95,128,128,128,34,,"pase",,,,,,,,
922,19,39,20,68,68,68,66,66,66,97,97,129,129,129,33,,"pase",,,,,,,,
923,15,32,18,71,71,71,71,71,71,121,121,176,176,176,3,,"pase",,,,,,,,
924,10,21,11,38,38,38,39,39,39,55,55,69,69,69,20,,"pase",,,,,,,,
925,4,9,4,21,21,21,25,25,25,28,28,33,33,33,12,,"pase",,,,,,,,
926,4,8,4,17,17,17,14,14,14,31,31,38,38,38,8,,"pase",,,,,,,,
927,92,187,95,352,438,507,349,435,504,728,787,1018,1104,1152,135,,"pase",,,,,,,,
928,66,134,69,251,292,325,248,289,322,473,502,661,701,724,88,,"pase",,,,,,,,
929,54,111,57,207,228,245,204,225,242,363,378,505,526,538,68,,"pase",,,,,,,,
930,54,111,57,207,228,245,204,225,242,363,378,505,526,538,68,,"pase",,,,,,,,
931,42,86,45,160,160,160,157,157,157,244,244,338,338,338,46,,"pase",,,,,,,,
932,36,73,39,142,142,142,139,139,139,220,220,311,311,311,38,,"pase",,,,,,,,
933,36,73,39,135,135,135,139,139,139,212,212,299,299,299,38,,"pase",,,,,,,,
934,26,53,28,105,105,105,105,105,105,169,169,240,240,240,20,,"pase",,,,,,,,
935,20,41,22,90,90,90,92,92,92,144,144,205,205,205,13,,"pase",,,,,,,,
936,15,32,18,71,71,71,71,71,71,121,121,176,176,176,3,,"pase",,,,,,,,
937,14,29,16,65,65,65,65,65,65,111,111,163,163,163,,,"pase",,,,,,,,
938,65,132,65,243,329,398,240,326,395,555,614,781,867,915,114,,"pase",,,,,,,,
939,39,79,39,142,183,216,139,180,213,300,329,424,464,487,67,,"pase",,,,,,,,
940,27,56,27,98,119,136,95,116,133,190,205,268,289,301,47,,"pase",,,,,,,,
941,27,56,27,98,119,136,95,116,133,190,205,268,289,301,47,,"pase",,,,,,,,
942,26,53,28,105,105,105,105,105,105,169,169,240,240,240,20,,"pase",,,,,,,,
943,15,31,15,51,51,51,48,48,48,71,71,101,101,101,25,,"pase",,,,,,,,
944,15,31,15,55,55,55,55,55,55,85,85,108,108,108,28,,"pase",,,,,,,,
945,10,21,11,38,38,38,39,39,39,55,55,69,69,69,20,,"pase",,,,,,,,
946,10,20,10,28,28,28,31,31,31,38,38,55,55,55,15,,"pase",,,,,,,,
947,8,17,9,32,32,32,31,31,31,44,44,61,61,61,15,,"pase",,,,,,,,
948,4,8,4,17,17,17,14,14,14,26,26,30,30,30,8,,"pase",,,,,,,,
949,68,138,69,254,340,409,253,339,408,575,634,803,889,937,120,,"pase",,,,,,,,
950,42,85,43,153,194,227,152,193,226,320,349,446,486,509,73,,"pase",,,,,,,,
951,36,73,39,142,142,142,139,139,139,220,220,311,311,311,38,,"pase",,,,,,,,
952,30,62,31,109,130,147,108,129,146,210,225,290,311,323,53,,"pase",,,,,,,,
953,30,62,31,109,130,147,108,129,146,210,225,290,311,323,53,,"pase",,,,,,,,
954,27,55,28,95,95,95,92,92,92,132,132,175,175,175,46,,"pase",,,,,,,,
955,19,39,20,68,68,68,66,66,66,97,97,129,129,129,33,,"pase",,,,,,,,
956,18,37,19,62,62,62,61,61,61,91,91,123,123,123,31,,"pase",,,,,,,,
957,15,31,15,48,48,48,44,44,44,71,71,90,90,90,23,,"pase",,,,,,,,
958,10,20,10,37,37,37,36,36,36,52,52,59,59,59,18,,"pase",,,,,,,,
959,8,17,9,32,32,32,31,31,31,44,44,61,61,61,15,,"pase",,,,,,,,
960,56,113,56,217,303,372,212,298,367,517,576,723,809,857,99,,"pase",,,,,,,,
961,36,73,39,135,135,135,139,139,139,212,212,299,299,299,38,,"pase",,,,,,,,
962,30,60,30,116,157,190,111,152,185,262,291,366,406,429,52,,"pase",,,,,,,,
963,27,54,27,84,84,84,90,90,90,128,128,168,168,168,45,,"pase",,,,,,,,
964,20,41,21,66,66,66,68,68,68,95,95,128,128,128,34,,"pase",,,,,,,,
965,18,37,18,72,93,110,67,88,105,152,167,210,231,243,32,,"pase",,,,,,,,
966,18,37,18,72,93,110,67,88,105,152,167,210,231,243,32,,"pase",,,,,,,,
967,15,31,15,43,43,43,44,44,44,66,66,95,95,95,23,,"pase",,,,,,,,
968,10,20,10,37,37,37,36,36,36,52,52,59,59,59,18,,"pase",,,,,,,,
969,10,20,10,28,28,28,31,31,31,38,38,55,55,55,15,,"pase",,,,,,,,
970,6,12,6,25,25,25,20,20,20,33,33,43,43,43,10,,"pase",,,,,,,,
971,37,76,41,146,146,146,146,146,146,224,224,316,316,316,41,,"pase",,,,,,,,
972,28,56,28,98,98,98,97,97,97,142,142,187,187,187,48,,"pase",,,,,,,,
973,23,46,24,79,79,79,79,79,79,113,113,151,151,151,40,,"pase",,,,,,,,
974,18,37,19,57,57,57,55,55,55,85,85,112,112,112,28,,"pase",,,,,,,,
975,15,31,15,48,48,48,47,47,47,71,71,97,97,97,25,,"pase",,,,,,,,
976,12,25,12,41,41,41,39,39,39,56,56,77,77,77,20,,"pase",,,,,,,,
977,2,5,3,14,14,14,10,10,10,19,19,23,23,23,5,,"pase",,,,,,,,
978,42,86,45,160,160,160,157,157,157,244,244,338,338,338,46,,"pase",,,,,,,,
979,31,63,32,110,110,110,103,103,103,158,158,196,196,196,53,,"pase",,,,,,,,
980,27,55,28,91,91,91,91,91,91,131,131,170,170,170,45,,"pase",,,,,,,,
981,21,43,23,70,70,70,68,68,68,104,104,140,140,140,34,,"pase",,,,,,,,
982,18,37,19,62,62,62,61,61,61,91,91,123,123,123,31,,"pase",,,,,,,,
983,15,31,15,51,51,51,48,48,48,71,71,101,101,101,25,,"pase",,,,,,,,
984,6,12,6,25,25,25,20,20,20,33,33,43,43,43,10,,"pase",,,,,,,,
985,3,6,3,10,10,10,10,10,10,15,15,21,21,21,5,,"pase",,,,,,,,
986,50,101,50,192,278,347,192,278,347,484,543,680,766,814,89,,"pase",,,,,,,,
987,24,48,24,91,132,165,91,132,165,229,258,323,363,386,42,,"pase",,,,,,,,
988,12,25,12,47,68,85,47,68,85,119,134,167,188,200,22,,"pase",,,,,,,,
989,12,25,12,47,68,85,47,68,85,119,134,167,188,200,22,,"pase",,,,,,,,
990,54,111,57,207,228,245,204,225,242,363,378,505,526,538,68,,"pase",,,,,,,,
991,43,88,44,157,178,195,150,171,188,277,292,363,384,396,75,,"pase",,,,,,,,
992,39,80,40,138,159,176,138,159,176,250,265,337,358,370,67,,"pase",,,,,,,,
993,38,76,38,144,209,262,144,209,262,365,410,513,578,614,67,,"pase",,,,,,,,
994,33,68,35,117,138,155,115,136,153,223,238,307,328,340,56,,"pase",,,,,,,,
995,30,62,31,109,130,147,108,129,146,210,225,290,311,323,53,,"pase",,,,,,,,
996,27,56,27,98,119,136,95,116,133,190,205,268,289,301,47,,"pase",,,,,,,,
997,18,37,18,72,93,110,67,88,105,152,167,210,231,243,32,,"pase",,,,,,,,
998,15,31,15,57,78,95,57,78,95,134,149,188,209,221,27,,"pase",,,,,,,,
999,12,25,12,47,68,85,47,68,85,119,134,167,188,200,22,,"pase",,,,,,,,
1000,11,23,11,44,63,79,44,63,79,111,124,155,175,186,20,,"pase",,,,,,,,
1001,54,111,57,207,228,245,204,225,242,363,378,505,526,538,68,,"pase",,,,,,,,
1002,43,88,44,157,178,195,150,171,188,277,292,363,384,396,75,,"pase",,,,,,,,
1003,39,80,40,138,159,176,138,159,176,250,265,337,358,370,67,,"pase",,,,,,,,
1004,38,76,38,144,209,262,144,209,262,365,410,513,578,614,67,,"pase",,,,,,,,
1005,33,68,35,117,138,155,115,136,153,223,238,307,328,340,56,,"pase",,,,,,,,
1006,30,62,31,109,130,147,108,129,146,210,225,290,311,323,53,,"pase",,,,,,,,
1007,27,56,27,98,119,136,95,116,133,190,205,268,289,301,47,,"pase",,,,,,,,
1008,18,37,18,72,93,110,67,88,105,152,167,210,231,243,32,,"pase",,,,,,,,
1009,15,31,15,57,78,95,57,78,95,134,149,188,209,221,27,,"pase",,,,,,,,
1010,12,25,12,47,68,85,47,68,85,119,134,167,188,200,22,,"pase",,,,,,,,
1011,11,23,11,44,63,79,44,63,79,111,124,155,175,186,20,,"pase",,,,,,,,
1012,66,134,69,251,292,325,248,289,322,473,502,661,701,724,88,,"pase",,,,,,,,
1013,55,111,56,201,242,275,194,235,268,387,416,519,559,582,95,,"pase",,,,,,,,
1014,51,103,52,182,223,256,182,223,256,360,389,493,533,556,87,,"pase",,,,,,,,
1015,45,91,47,161,202,235,159,200,233,333,362,463,503,526,76,,"pase",,,,,,,,
1016,42,85,43,153,194,227,152,193,226,320,349,446,486,509,73,,"pase",,,,,,,,
1017,39,79,39,142,183,216,139,180,213,300,329,424,464,487,67,,"pase",,,,,,,,
1018,30,60,30,116,157,190,111,152,185,262,291,366,406,429,52,,"pase",,,,,,,,
1019,27,54,27,101,142,175,101,142,175,244,273,344,384,407,47,,"pase",,,,,,,,
1020,26,53,26,101,146,182,101,146,182,254,286,357,403,428,47,,"pase",,,,,,,,
1021,24,48,24,91,132,165,91,132,165,229,258,323,363,386,42,,"pase",,,,,,,,
1022,11,23,11,44,63,79,44,63,79,111,124,155,175,186,20,,"pase",,,,,,,,
1023,11,23,11,44,63,79,44,63,79,111,124,155,175,186,20,,"pase",,,,,,,,
1024,92,187,95,352,438,507,349,435,504,728,787,1018,1104,1152,135,,"pase",,,,,,,,
1025,81,164,82,302,388,457,295,381,450,642,701,876,962,1010,142,,"pase",,,,,,,,
1026,77,156,78,283,369,438,283,369,438,615,674,850,936,984,134,,"pase",,,,,,,,
1027,71,144,73,262,348,417,260,346,415,588,647,820,906,954,123,,"pase",,,,,,,,
1028,68,138,69,254,340,409,253,339,408,575,634,803,889,937,120,,"pase",,,,,,,,
1029,65,132,65,243,329,398,240,326,395,555,614,781,867,915,114,,"pase",,,,,,,,
1030,56,113,56,217,303,372,212,298,367,517,576,723,809,857,99,,"pase",,,,,,,,
1031,53,107,53,202,288,357,202,288,357,499,558,701,787,835,94,,"pase",,,,,,,,
1032,50,101,50,192,278,347,192,278,347,484,543,680,766,814,89,,"pase",,,,,,,,
1033,38,76,38,144,209,262,144,209,262,365,410,513,578,614,67,,"pase",,,,,,,,
1034,38,76,38,144,209,262,144,209,262,365,410,513,578,614,67,,"pase",,,,,,,,
1035,26,53,26,101,146,182,101,146,182,254,286,357,403,428,47,,"pase",,,,,,,,
1058,13,27,13,65,65,65,65,65,65,90,90,95,95,95,27,,"imt",,,,,,,,
1059,40,80,40,190,190,190,190,190,190,275,275,290,290,290,80,,"imt",,,,,,,,
1065,94,190,94,450,450,450,450,450,450,625,625,700,700,700,190,,"imt",,,,,,,,
1069,77,155,77,372,372,372,372,372,372,505,505,565,565,565,155,,"imt",,,,,,,,
1077,32,65,32,177,177,177,177,177,177,250,250,280,280,280,65,,"imt",,,,,,,,
1079,,9.76,,,,,,,,,,,,,,,"pase",,,,,,,,
1080,,15.78,,,,,,,,,,,,,,,"pase",,,,,,,,
1081,,27.5,,,,,,,,,,,,,,,"pase",,,,,,,,
1082,,35.95,,,,,,,,,,,,,,,"pase",,,,,,,,
1083,,35.88,,,,,,,,,,,,,,,"pase",,,,,,,,
1084,,4.65,,,,,,,,,,,,,,,"pase",,,,,,,,
1085,,39.44,,,,,,,,,,,,,,,"pase",,,,,,,,
1086,,41.2,,,,,,,,,,,,,,,"pase",,,,,,,,
1087,,7.17,,,,,,,,,,,,,,,"pase",,,,,,,,
1088,,13.19,,,,,,,,,,,,,,,"pase",,,,,,,,
1089,,24.91,,,,,,,,,,,,,,,"pase",,,,,,,,
1090,,33.36,,,,,,,,,,,,,,,"pase",,,,,,,,
1091,,33.15,,,,,,,,,,,,,,,"pase",,,,,,,,
1092,,1.97,,,,,,,,,,,,,,,"pase",,,,,,,,
1093,,36.85,,,,,,,,,,,,,,,"pase",,,,,,,,
1094,,38.61,,,,,,,,,,,,,,,"pase",,,,,,,,
1095,,4.76,,,,,,,,,,,,,,,"pase",,,,,,,,
1096,,10.78,,,,,,,,,,,,,,,"pase",,,,,,,,
1097,,22.5,,,,,,,,,,,,,,,"pase",,,,,,,,
1098,,30.94,,,,,,,,,,,,,,,"pase",,,,,,,,
1099,,30.87,,,,,,,,,,,,,,,"pase",,,,,,,,
1100,,34.44,,,,,,,,,,,,,,,"pase",,,,,,,,
1101,,36.19,,,,,,,,,,,,,,,"pase",,,,,,,,
1102,,3.89,,,,,,,,,,,,,,,"pase",,,,,,,,
1103,,12.33,,,,,,,,,,,,,,,"pase",,,,,,,,
1104,,12.27,,,,,,,,,,,,,,,"pase",,,,,,,,
1105,,15.83,,,,,,,,,,,,,,,"pase",,,,,,,,
1106,,17.58,,,,,,,,,,,,,,,"pase",,,,,,,,
1107,,12.06,,,,,,,,,,,,,,,"pase",,,,,,,,
1108,,31,,,,,,,,,,,,,,,"pase",,,,,,,,
1109,,33.61,,,,,,,,,,,,,,,"pase",,,,,,,,
1110,,36.05,,,,,,,,,,,,,,,"pase",,,,,,,,
1111,,11.54,,,,,,,,,,,,,,,"pase",,,,,,,,
1112,,30.48,,,,,,,,,,,,,,,"pase",,,,,,,,
1113,,33.1,,,,,,,,,,,,,,,"pase",,,,,,,,
1114,,35.54,,,,,,,,,,,,,,,"pase",,,,,,,,
1115,,14.97,,,,,,,,,,,,,,,"pase",,,,,,,,
1116,,33.91,,,,,,,,,,,,,,,"pase",,,,,,,,
1117,,36.52,,,,,,,,,,,,,,,"pase",,,,,,,,
1118,,38.96,,,,,,,,,,,,,,,"pase",,,,,,,,
1119,,3.27,,,,,,,,,,,,,,,"pase",,,,,,,,
1120,,22.22,,,,,,,,,,,,,,,"pase",,,,,,,,
1121,,24.83,,,,,,,,,,,,,,,"pase",,,,,,,,
1122,,27.27,,,,,,,,,,,,,,,"pase",,,,,,,,
1123,,11.04,,,,,,,,,,,,,,,"pase",,,,,,,,
1124,,13.65,,,,,,,,,,,,,,,"pase",,,,,,,,
1125,,16.09,,,,,,,,,,,,,,,"pase",,,,,,,,
1126,,6.89,,,,,,,,,,,,,,,"pase",,,,,,,,
1127,,9.51,,,,,,,,,,,,,,,"pase",,,,,,,,
1128,,11.94,,,,,,,,,,,,,,,"pase",,,,,,,,
1129,,39.68,,,,,,,,,,,,,,,"pase",,,,,,,,
1130,,37.25,,,,,,,,,,,,,,,"pase",,,,,,,,
1131,,34.63,,,,,,,,,,,,,,,"pase",,,,,,,,
1132,,15.69,,,,,,,,,,,,,,,"pase",,,,,,,,
1133,,164,,,,,,,,,,,,,,,"pase",,,,,,,,
1134,,58,,,,,,,,,,,,,,,"pase",,,,,,,,
1135,,68,,,,,,,,,,,,,,,"pase",,,,,,,,
1136,,68,,,,,,,,,,,,,,,"pase",,,,,,,,
1137,,91,,,,,,,,,,,,,,,"pase",,,,,,,,
1138,,58,,,,,,,,,,,,,,,"pase",,,,,,,,
1139,,68,,,,,,,,,,,,,,,"pase",,,,,,,,
1140,,68,,,,,,,,,,,,,,,"pase",,,,,,,,
1141,,91,,,,,,,,,,,,,,,"pase",,,,,,,,
1142,,68,,,,,,,,,,,,,,,"pase",,,,,,,,
1143,,68,,,,,,,,,,,,,,,"pase",,,,,,,,
1144,,91,,,,,,,,,,,,,,,"pase",,,,,,,,
1145,,68,,,,,,,,,,,,,,,"pase",,,,,,,,
1146,,91,,,,,,,,,,,,,,,"pase",,,,,,,,
1147,,23,,,,,,,,,,,,,,,"pase",,,,,,,,
1148,,23,,,,,,,,,,,,,,,"pase",,,,,,,,
1149,,91,,,,,,,,,,,,,,,"pase",,,,,,,,
1150,,91,,,,,,,,,,,,,,,"pase",,,,,,,,
1151,,91,,,,,,,,,,,,,,,"pase",,,,,,,,
1152,,68,,,,,,,,,,,,,,,"pase",,,,,,,,
1153,,68,,,,,,,,,,,,,,,"pase",,,,,,,,
1154,,68,,,,,,,,,,,,,,,"pase",,,,,,,,
1155,,68,,,,,,,,,,,,,,,"pase",,,,,,,,
1156,,68,,,,,,,,,,,,,,,"pase",,,,,,,,
1157,,58,,,,,,,,,,,,,,,"pase",,,,,,,,
1158,,43.7,,,,,,,,,,,,,,,"pase",,,,,,,,
1159,,82.8,,,,,,,,,,,,,,,"pase",,,,,,,,
1160,,119.17,,,,,,,,,,,,,,,"pase",,,,,,,,
1161,,125.77,,,,,,,,,,,,,,,"pase",,,,,,,,
1162,,127.58,,,,,,,,,,,,,,,"pase",,,,,,,,
1163,,29.2,,,,,,,,,,,,,,,"pase",,,,,,,,
1164,,68.3,,,,,,,,,,,,,,,"pase",,,,,,,,
1165,,104.67,,,,,,,,,,,,,,,"pase",,,,,,,,
1166,,111.26,,,,,,,,,,,,,,,"pase",,,,,,,,
1167,,113.08,,,,,,,,,,,,,,,"pase",,,,,,,,
1168,,21.8,,,,,,,,,,,,,,,"pase",,,,,,,,
1169,,60.91,,,,,,,,,,,,,,,"pase",,,,,,,,
1170,,97.27,,,,,,,,,,,,,,,"pase",,,,,,,,
1171,,103.87,,,,,,,,,,,,,,,"pase",,,,,,,,
1172,,105.68,,,,,,,,,,,,,,,"pase",,,,,,,,
1173,,6.85,,,,,,,,,,,,,,,"pase",,,,,,,,
1174,,45.96,,,,,,,,,,,,,,,"pase",,,,,,,,
1175,,82.33,,,,,,,,,,,,,,,"pase",,,,,,,,
1176,,88.92,,,,,,,,,,,,,,,"pase",,,,,,,,
1177,,90.73,,,,,,,,,,,,,,,"pase",,,,,,,,
1178,,29.32,,,,,,,,,,,,,,,"pase",,,,,,,,
1179,,65.69,,,,,,,,,,,,,,,"pase",,,,,,,,
1180,,72.29,,,,,,,,,,,,,,,"pase",,,,,,,,
1181,,74.1,,,,,,,,,,,,,,,"pase",,,,,,,,
1182,,13.47,,,,,,,,,,,,,,,"pase",,,,,,,,
1183,,49.84,,,,,,,,,,,,,,,"pase",,,,,,,,
1184,,56.44,,,,,,,,,,,,,,,"pase",,,,,,,,
1185,,58.25,,,,,,,,,,,,,,,"pase",,,,,,,,
1186,,19.53,,,,,,,,,,,,,,,"pase",,,,,,,,
1187,,26.13,,,,,,,,,,,,,,,"pase",,,,,,,,
1188,,27.94,,,,,,,,,,,,,,,"pase",,,,,,,,
1189,,20.31,,,,,,,,,,,,,,,"pase",,,,,,,,
1190,,26.9,,,,,,,,,,,,,,,"pase",,,,,,,,
1191,,28.72,,,,,,,,,,,,,,,"pase",,,,,,,,
1192,,11.93,,,,,,,,,,,,,,,"pase",,,,,,,,
1193,,16.31,,,,,,,,,,,,,,,"pase",,,,,,,,
1194,,20.53,,,,,,,,,,,,,,,"pase",,,,,,,,
1195,,7.49,,,,,,,,,,,,,,,"pase",,,,,,,,
1196,,10.55,,,,,,,,,,,,,,,"pase",,,,,,,,
1197,,22.45,,,,,,,,,,,,,,,"pase",,,,,,,,
1198,,27.77,,,,,,,,,,,,,,,"pase",,,,,,,,
1199,,50.85,,,,,,,,,,,,,,,"pase",,,,,,,,
1200,,58.99,,,,,,,,,,,,,,,"pase",,,,,,,,
1201,,74.84,,,,,,,,,,,,,,,"pase",,,,,,,,
1202,,91.59,,,,,,,,,,,,,,,"pase",,,,,,,,
1203,,106.43,,,,,,,,,,,,,,,"pase",,,,,,,,
1204,,113.82,,,,,,,,,,,,,,,"pase",,,,,,,,
1205,,128.09,,,,,,,,,,,,,,,"pase",,,,,,,,
1206,,22.19,,,,,,,,,,,,,,,"pase",,,,,,,,
1207,,27.5,,,,,,,,,,,,,,,"pase",,,,,,,,
1208,,50.22,,,,,,,,,,,,,,,"pase",,,,,,,,
1209,,58.73,,,,,,,,,,,,,,,"pase",,,,,,,,
1210,,74.58,,,,,,,,,,,,,,,"pase",,,,,,,,
1211,,91.32,,,,,,,,,,,,,,,"pase",,,,,,,,
1212,,106.16,,,,,,,,,,,,,,,"pase",,,,,,,,
1213,,113.56,,,,,,,,,,,,,,,"pase",,,,,,,,
1214,,127.82,,,,,,,,,,,,,,,"pase",,,,,,,,
1215,,21.19,,,,,,,,,,,,,,,"pase",,,,,,,,
1216,,26.51,,,,,,,,,,,,,,,"pase",,,,,,,,
1217,,49.19,,,,,,,,,,,,,,,"pase",,,,,,,,
1218,,57.73,,,,,,,,,,,,,,,"pase",,,,,,,,
1219,,73.58,,,,,,,,,,,,,,,"pase",,,,,,,,
1220,,90.33,,,,,,,,,,,,,,,"pase",,,,,,,,
1221,,105.16,,,,,,,,,,,,,,,"pase",,,,,,,,
1222,,112.56,,,,,,,,,,,,,,,"pase",,,,,,,,
1223,,126.83,,,,,,,,,,,,,,,"pase",,,,,,,,
1224,,8.05,,,,,,,,,,,,,,,"pase",,,,,,,,
1225,,25.56,,,,,,,,,,,,,,,"pase",,,,,,,,
1226,,35.67,,,,,,,,,,,,,,,"pase",,,,,,,,
1227,,51.52,,,,,,,,,,,,,,,"pase",,,,,,,,
1228,,68.27,,,,,,,,,,,,,,,"pase",,,,,,,,
1229,,83.1,,,,,,,,,,,,,,,"pase",,,,,,,,
1230,,90.5,,,,,,,,,,,,,,,"pase",,,,,,,,
1231,,104.77,,,,,,,,,,,,,,,"pase",,,,,,,,
1232,,14.63,,,,,,,,,,,,,,,"pase",,,,,,,,
1233,,30.48,,,,,,,,,,,,,,,"pase",,,,,,,,
1234,,47.22,,,,,,,,,,,,,,,"pase",,,,,,,,
1235,,62.06,,,,,,,,,,,,,,,"pase",,,,,,,,
1236,,69.45,,,,,,,,,,,,,,,"pase",,,,,,,,
1237,,83.72,,,,,,,,,,,,,,,"pase",,,,,,,,
1238,,6.96,,,,,,,,,,,,,,,"pase",,,,,,,,
1239,,21.8,,,,,,,,,,,,,,,"pase",,,,,,,,
1240,,29.2,,,,,,,,,,,,,,,"pase",,,,,,,,
1241,,43.46,,,,,,,,,,,,,,,"pase",,,,,,,,
1242,,6.86,,,,,,,,,,,,,,,"pase",,,,,,,,
1243,,21.7,,,,,,,,,,,,,,,"pase",,,,,,,,
1244,,29.09,,,,,,,,,,,,,,,"pase",,,,,,,,
1245,,43.36,,,,,,,,,,,,,,,"pase",,,,,,,,
1246,,2.56,,,,,,,,,,,,,,,"pase",,3.94,,,,,,
1247,,11.61,,,,,,,,,,,,,,,"pase",,17.89,,,,,,
1248,,20.68,,,,,,,,,,,,,,,"pase",,31.86,,,,,,
1249,,26.97,,,,,,,,,,,,,,,"pase",,41.54,,,,,,
1250,,26.48,,,,,,,,,,,,,,,"pase",,40.8,,,,,,
1251,,41.89,,,,,,,,,,,,,,,"pase",,64.53,,,,,,
1252,,49.05,,,,,,,,,,,,,,,"pase",,75.56,,,,,,
1253,,71.51,,,,,,,,,,,,,,,"pase",,110.17,,,,,,
1254,,8.58,,,,,,,,,,,,,,,"pase",,13.22,,,,,,
1255,,17.65,,,,,,,,,,,,,,,"pase",,27.19,,,,,,
1256,,23.96,,,,,,,,,,,,,,,"pase",,36.91,,,,,,
1257,,23.48,,,,,,,,,,,,,,,"pase",,36.17,,,,,,
1258,,38.88,,,,,,,,,,,,,,,"pase",,59.9,,,,,,
1259,,46.04,,,,,,,,,,,,,,,"pase",,70.93,,,,,,
1260,,68.5,,,,,,,,,,,,,,,"pase",,105.53,,,,,,
1261,,6.06,,,,,,,,,,,,,,,"pase",,9.33,,,,,,
1262,,15.1,,,,,,,,,,,,,,,"pase",,23.27,,,,,,
1263,,21.41,,,,,,,,,,,,,,,"pase",,32.98,,,,,,
1264,,20.94,,,,,,,,,,,,,,,"pase",,32.25,,,,,,
1265,,36.33,,,,,,,,,,,,,,,"pase",,55.97,,,,,,
1266,,43.49,,,,,,,,,,,,,,,"pase",,67,,,,,,
1267,,65.96,,,,,,,,,,,,,,,"pase",,101.61,,,,,,
1268,,7.19,,,,,,,,,,,,,,,"pase",,11.07,,,,,,
1269,,13.49,,,,,,,,,,,,,,,"pase",,20.79,,,,,,
1270,,13.02,,,,,,,,,,,,,,,"pase",,20.06,,,,,,
1271,,28.42,,,,,,,,,,,,,,,"pase",,43.77,,,,,,
1272,,35.58,,,,,,,,,,,,,,,"pase",,54.8,,,,,,
1273,,58.04,,,,,,,,,,,,,,,"pase",,89.41,,,,,,
1274,,7.51,,,,,,,,,,,,,,,"pase",,11.57,,,,,,
1275,,7.03,,,,,,,,,,,,,,,"pase",,10.83,,,,,,
1276,,22.43,,,,,,,,,,,,,,,"pase",,34.55,,,,,,
1277,,29.59,,,,,,,,,,,,,,,"pase",,45.58,,,,,,
1278,,52.06,,,,,,,,,,,,,,,"pase",,80.19,,,,,,
1279,,13.22,,,,,,,,,,,,,,,"pase",,20.36,,,,,,
1280,,20.38,,,,,,,,,,,,,,,"pase",,31.39,,,,,,
1281,,42.84,,,,,,,,,,,,,,,"pase",,65.99,,,,,,
1282,,5.32,,,,,,,,,,,,,,,"pase",,8.2,,,,,,
1283,,12.8,,,,,,,,,,,,,,,"pase",,19.72,,,,,,
1284,,34.94,,,,,,,,,,,,,,,"pase",,53.83,,,,,,
1285,,30.63,,,,,,,,,,,,,,,"pase",,47.18,,,,,,
1286,,35.63,,,,,,,,,,,,,,,"pase",,54.89,,,,,,
1287,,64.2,,,,,,,,,,,,,,,"pase",,98.89,,,,,,
1288,,64.43,,,,,,,,,,,,,,,"pase",,99.25,,,,,,
1289,,66.88,,,,,,,,,,,,,,,"pase",,103.02,,,,,,
1290,,11,,,,,,,,,,,,,,,"pase",,16.95,,,,,,
1291,,15.97,,,,,,,,,,,,,,,"pase",,24.6,,,,,,
1292,,44.53,,,,,,,,,,,,,,,"pase",,68.59,,,,,,
1293,,44.76,,,,,,,,,,,,,,,"pase",,68.95,,,,,,
1294,,47.22,,,,,,,,,,,,,,,"pase",,72.74,,,,,,
1295,,8,,,,,,,,,,,,,,,"pase",,12.32,,,,,,
1296,,12.94,,,,,,,,,,,,,,,"pase",,19.93,,,,,,
1297,,41.49,,,,,,,,,,,,,,,"pase",,63.92,,,,,,
1298,,41.74,,,,,,,,,,,,,,,"pase",,64.29,,,,,,
1299,,44.18,,,,,,,,,,,,,,,"pase",,68.07,,,,,,
1300,,24.32,,,,,,,,,,,,,,,"pase",,37.46,,,,,,
1301,,25.74,,,,,,,,,,,,,,,"pase",,39.65,,,,,,
1302,,28.23,,,,,,,,,,,,,,,"pase",,43.49,,,,,,
1303,,9.46,,,,,,,,,,,,,,,"pase",,14.58,,,,,,
1304,,9.66,,,,,,,,,,,,,,,"pase",,14.88,,,,,,
1305,,12.22,,,,,,,,,,,,,,,"pase",,18.82,,,,,,
1306,,10,,,,,,,,,,,,,,,"pase",,14,14,,,19,19,14
1307,,27,,,,,,,,,,,,,,,"pase",,40,39,,,55,54,37
1308,,42,,,,,,,,,,,,,,,"pase",,64,61,,,88,84,58
1309,,53,,,,,,,,,,,,,,,"pase",,79,76,,,109,105,73
1310,,8,,,,,,,,,,,,,,,"pase",,12,12,,,17,17,11
1311,,25,,,,,,,,,,,,,,,"pase",,38,37,,,52,51,35
1312,,41,,,,,,,,,,,,,,,"pase",,62,59,,,86,81,57
1313,,51,,,,,,,,,,,,,,,"pase",,77,75,,,106,104,70
1314,,16,,,,,,,,,,,,,,,"pase",,24,23,,,33,32,22
1315,,32,,,,,,,,,,,,,,,"pase",,48,46,,,66,63,44
1316,,42,,,,,,,,,,,,,,,"pase",,63,61,,,87,84,58
1317,,16,,,,,,,,,,,,,,,"pase",,24,23,,,33,32,22
1318,,26,,,,,,,,,,,,,,,"pase",,40,38,,,55,52,36
1319,,30,,,,,,,,,,,,,,,"pase",,45,43,,,62,59,41
1320,,46,,,,,,,,,,,,,,,"pase",,69,66,,,95,91,63
1321,,54,,,,,,,,,,,,,,,"pase",,81,78,,,112,108,75
1322,,55,,,,,,,,,,,,,,,"pase",,82,79,,,113,109,76
1323,,29,,,,,,,,,,,,,,,"pase",,43,41,,,59,57,40
1324,,44,,,,,,,,,,,,,,,"pase",,67,64,,,92,88,61
1325,,53,,,,,,,,,,,,,,,"pase",,79,76,,,109,105,73
1326,,53,,,,,,,,,,,,,,,"pase",,80,77,,,110,106,73
1327,,16,,,,,,,,,,,,,,,"pase",,24,23,,,33,32,22
1328,,32,,,,,,,,,,,,,,,"pase",,48,46,,,66,63,44
1329,,40,,,,,,,,,,,,,,,"pase",,60,58,,,83,80,55
1330,,41,,,,,,,,,,,,,,,"pase",,61,59,,,84,81,57
1331,,16,,,,,,,,,,,,,,,"pase",,24,23,,,33,32,22
1332,,24,,,,,,,,,,,,,,,"pase",,37,35,,,51,48,33
1333,,25,,,,,,,,,,,,,,,"pase",,38,36,,,52,50,35
1334,,7,,,,,,,,,,,,,,,"pase",,11,11,,,15,15,10
1335,,8,,,,,,,,,,,,,,,"pase",,12,12,,,17,17,11
1374,10,20,11,35,35,35,35,35,68,68,97,97,97,97,17,,"capufe",,,,,,,,
511,15,30,15,58,58,58,58,58,58,58,58,58,58,58,29,,"capufe",,,,5,,,,
1418,,10,10,15,15,15,20,20,20,45,45,80,80,80,20,,"tollbooth",,,,,,,,
1419,,10,10,15,15,15,20,20,20,45,45,80,80,80,20,,"tollbooth",,,,,,,,
1420,,10,10,15,15,15,20,20,20,45,45,80,80,80,20,,"tollbooth",,,,,,,,
1421,,10,10,15,15,15,20,20,20,45,45,80,80,80,20,,"tollbooth",,,,,,,,
1422,,10,10,15,15,15,20,20,20,45,45,80,80,80,20,,"tollbooth",,,,,,,,
1423,31,63,32,110,110,110,103,103,103,158,158,196,196,196,53,,"imt",,,,,,,,
1424,18,37,19,62,62,62,61,61,61,91,91,123,123,123,31,,"imt",,,,,,,,
1425,57,113,56,217,303,372,212,298,367,517,576,723,809,857,112,,"imt",,,,,,,,
1426,84,168,85,361,361,361,361,361,444,601,665,897,897,897,180,,"imt",,,,,,,,
1428,12,25,12,47,68,85,47,68,85,119,134,167,188,200,24,,"imt",,,,,,,,
1429,24,48,24,91,132,165,91,132,165,229,258,323,363,386,48,,"imt",,,,,,,,
1367,15,30,15,60,60,60,60,60,60,60,60,60,60,60,30,,"sct_site",,,,5,,,,
