strech_id,motorbike,car,car-axle,bus-2axle,bus-3axle,bus-4axle,truck-2axle,truck-3axle,truck-4axle,truck-5axle,truck-6axle,truck-7axle,truck-8axle,truck-9axle,load-axle,toll_ref,motorbike-axle,car-rush-hour,car-evening-hour,peaton
1,12,25,13,47,47,47,46,46,74,74,114,114,114,114,23,pase,,,,
2,12,25,13,47,47,47,46,46,74,74,116,116,116,116,23,pase,,,,
3,82,165,83,319,319,319,306,306,628,628,860,860,860,860,153,pase,,,,
4,25,51,26,125,125,125,117,117,238,238,334,334,334,334,59,pase,,,,
5,14,29,,48,48,48,47,47,75,75,117,117,117,117,,pase,,,,
6,31,63,32,100,100,100,100,100,100,137,137,192,192,192,50,pase,,,,
7,48,96,48,184,184,184,184,218,218,335,335,448,448,448,,pase,,,,
8,116,233,116,468,468,468,468,468,468,764,764,934,934,934,,pase,,,,
9,62,124,62,250,250,250,250,250,250,408,408,497,497,497,,pase,,,,
10,54,109,54,218,218,218,218,218,218,358,358,436,436,436,,pase,,,,
11,45,90,45,179,179,179,171,171,328,328,438,438,438,438,86,pase,,,,
12,23,46,23,90,90,90,87,87,164,164,230,230,230,230,44,pase,,,,
13,7,15,,34,34,34,33,33,58,58,75,75,75,75,,sct_site,,,,
14,75,150,75,299,299,299,299,299,299,540,540,858,858,858,,pase,,,,
15,47,93,47,186,186,186,186,186,186,336,336,534,534,534,,pase,,,,
16,28,56,28,113,113,113,113,113,113,204,204,324,324,324,,pase,,,,
17,85,170,85,373,373,373,352,352,680,680,990,990,990,990,176,pase,,,,
18,45,90,45,186,186,186,184,184,339,339,495,495,495,495,92,pase,,,,
19,45,90,45,186,186,186,184,184,339,339,495,495,495,495,92,pase,,,,
20,70,140,70,190,190,190,178,178,178,253,253,266,266,266,89,pase,,,,
21,48,96,48,131,131,131,120,120,120,168,168,165,165,165,60,pase,,,,
22,24,49,25,58,58,58,57,57,57,85,85,82,82,82,29,pase,,,,
23,65,130,65,206,206,206,203,203,203,263,263,307,307,307,102,pase,,,,
24,53,106,53,167,167,167,165,165,165,222,222,253,253,253,83,pase,,,,
25,10,20,10,39,39,39,36,36,36,43,43,48,48,48,18,pase,,,,
26,27,55,28,125,125,125,124,124,155,155,243,243,243,243,62,pase,,,,
27,20,40,20,65,65,65,64,64,90,90,133,133,133,133,32,pase,,,,
28,47,95,48,199,199,199,198,198,241,241,336,336,336,336,99,pase,,,,
29,23,46,23,101,101,101,97,97,116,116,167,167,167,167,49,pase,,,,
30,54,109,55,251,251,251,250,250,291,291,453,453,453,453,125,pase,,,,
31,47,94,47,186,186,186,190,190,241,241,301,301,301,301,95,pase,,,,
32,18,36,18,59,59,59,58,58,85,85,118,118,118,118,29,pase,,,,
33,117,234,117,468,468,468,468,468,468,702,702,1053,1053,1053,234,pase,,,,
34,117,234,117,468,468,468,468,468,468,702,702,1053,1053,1053,234,pase,,,,
35,138,277,139,417,417,417,348,348,348,512,512,590,590,590,174,pase,,,,
36,114,229,115,328,328,328,330,330,330,414,414,413,413,413,165,pase,,,,
37,23,47,24,90,90,90,87,87,87,97,97,92,92,92,44,pase,,,,
38,129,258,129,377,377,377,320,320,320,495,495,544,544,544,160,pase,,,,
39,83,167,84,230,230,230,224,224,224,291,291,279,279,279,112,pase,,,,
40,48,96,48,148,148,148,147,147,147,205,205,180,180,180,74,pase,,,,
41,24,49,24,86,86,86,86,86,175,175,254,254,254,254,43,pase,,,,
42,79,159,108,432,432,432,432,432,432,681,681,809,809,809,216,pase,,,,
43,72,144,100,402,402,402,402,402,402,634,634,753,753,753,201,pase,,,,
44,67,135,72,288,288,288,288,288,288,454,454,539,539,539,144,pase,,,,
45,23,47,24,94,94,94,90,90,131,131,164,164,164,164,45,pase,,,,
46,47,95,48,179,179,179,177,177,256,256,328,328,328,328,89,pase,,,,
47,23,47,24,94,94,94,90,90,131,131,164,164,164,164,45,pase,,,,
48,23,47,24,94,94,94,90,90,131,131,164,164,164,164,45,pase,,,,
49,13,26,13,47,47,47,47,47,100,100,146,146,146,146,24,pase,,,,
50,13,26,13,47,47,47,47,47,100,100,146,146,146,146,24,pase,,,,
51,13,26,13,47,47,47,47,47,100,100,146,146,146,146,24,pase,,,,
52,13,26,13,47,47,47,47,47,100,100,146,146,146,146,24,pase,,,,
53,11,22,11,40,40,40,40,40,70,70,108,108,108,108,20,pase,,,,
54,53,107,54,165,169,173,164,168,197,232,249,315,315,315,81,pase,,,,
55,60,122,62,199,204,213,199,204,213,261,261,365,365,365,101,pase,,,,
56,26,53,26,63,67,72,63,67,72,82,82,124,124,124,32,pase,,,,
57,34,69,36,136,137,141,136,137,141,179,179,241,241,241,69,pase,,,,
58,98,197,98,293,298,305,293,298,305,382,382,542,542,542,148,pase,,,,
59,31,63,31,102,106,110,102,106,110,146,146,198,198,198,51,pase,,,,
60,67,134,67,191,192,195,191,192,195,236,236,344,344,344,97,pase,,,,
61,35,71,35,91,93,100,91,93,100,133,133,167,167,167,45,pase,,,,
62,17,35,17,44,46,49,44,46,49,56,56,90,90,90,20,pase,,,,
63,43,87,45,155,158,164,155,158,164,205,205,275,275,275,81,pase,,,,
64,9,18,10,20,21,23,20,21,23,26,26,34,34,34,12,pase,,,,
65,98,196,98,240,240,240,245,245,245,330,458,649,649,649,,pase,,,,
66,98,196,98,231,231,231,372,372,372,472,604,659,659,659,,pase,,,,
67,41,82,42,125,125,125,125,125,125,300,300,431,431,431,61,pase,,,,
68,13,27,13,61,61,61,64,64,64,119,119,143,143,143,31,pase,,,,
69,31,63,32,104,104,104,104,104,104,221,221,258,258,258,53,pase,,,,
70,13,26,13,47,47,47,47,47,100,100,146,146,146,146,24,pase,,,,
71,50,101,51,180,180,180,153,153,153,241,241,330,330,330,77,pase,,,,
72,16,33,,46,46,46,46,46,46,58,58,62,62,62,,sct_site,,,,
73,35,71,36,139,139,139,134,134,134,183,183,216,216,216,67,pase,,,,
74,50,101,51,180,180,180,153,153,153,241,241,330,330,330,77,pase,,,,
75,27,55,28,97,97,97,96,96,96,129,129,147,147,147,48,pase,,,,
76,23,46,23,90,90,90,87,87,87,114,114,141,141,141,44,pase,,,,
77,50,101,51,180,180,180,153,153,153,241,241,330,330,330,77,pase,,,,
78,50,100,50,205,205,205,185,185,185,280,280,400,400,400,92,pase,,,,
79,33,67,33,125,125,125,95,95,95,165,165,225,225,225,47,pase,,,,
80,55,110,55,220,220,220,185,185,185,315,315,435,435,435,92,pase,,,,
81,15,30,,70,70,70,45,45,45,90,90,110,110,110,,sct_site,,,,
82,35,71,35,135,135,135,105,105,105,175,175,235,235,235,52,pase,,,,
83,50,101,51,192,192,192,161,161,161,262,262,327,327,327,81,pase,,,,
84,23,47,24,98,98,98,97,97,97,133,133,141,141,141,49,pase,,,,
85,24,49,25,98,98,98,97,97,97,133,133,141,141,141,49,pase,,,,
86,37,74,37,161,161,161,180,180,180,210,210,210,210,210,90,pase,,,,
87,20,39,19,89,89,89,95,95,95,113,113,113,113,113,47,pase,,,,
88,17,35,18,72,72,72,85,85,85,97,97,97,97,97,43,pase,,,,
89,13,26,13,47,47,47,47,47,100,100,146,146,146,146,24,pase,,,,
90,13,26,13,47,47,47,47,47,100,100,146,146,146,146,24,pase,,,,
91,54,109,55,230,230,230,229,229,229,371,371,462,462,462,115,pase,,,,
92,47,95,48,149,149,149,147,147,147,253,253,306,306,306,74,pase,,,,
93,29,58,29,101,101,101,97,97,97,165,165,180,180,180,49,pase,,,,
94,20,40,20,47,47,47,46,46,46,90,90,92,92,92,23,pase,,,,
95,45,91,51,208,208,208,208,208,208,351,351,517,517,517,,pase,,,,
96,56,113,64,259,259,259,259,259,259,437,437,645,645,645,,pase,,,,
97,40,80,45,184,184,184,184,184,184,311,311,458,458,458,,pase,,,,
98,25,50,28,115,115,115,115,115,115,195,195,287,287,287,,pase,,,,
99,17,35,20,81,81,81,81,81,81,136,136,201,201,201,,pase,,,,
100,58,116,65,266,266,266,266,266,266,450,450,663,663,663,,pase,,,,
101,43,87,49,200,200,200,200,200,200,338,338,498,498,498,,pase,,,,
102,10,21,12,48,48,48,48,48,48,81,81,120,120,120,,pase,,,,
103,13,27,15,62,62,62,62,62,62,105,105,154,154,154,,pase,,,,
104,13,25,14,59,59,59,59,59,59,100,100,147,147,147,,pase,,,,
105,5,11,6,26,26,26,26,26,26,44,44,65,65,65,,pase,,,,
106,29,58,33,134,134,134,134,134,134,226,226,333,333,333,,pase,,,,
107,4,8,5,18,18,18,18,18,18,31,31,46,46,46,,pase,,,,
108,4,8,5,18,18,18,18,18,18,31,31,46,46,46,,pase,,,,
109,16,33,19,76,76,76,76,76,76,129,129,190,190,190,,pase,,,,
110,24,49,28,113,113,113,113,113,113,190,190,281,281,281,,pase,,,,
111,54,108,61,248,248,248,248,248,248,419,419,617,617,617,,pase,,,,
112,3,7,7,27,27,27,27,27,27,46,46,68,68,68,,pase,,,,
113,47,94,53,215,215,215,215,215,215,364,364,536,536,536,,pase,,,,
114,12,25,14,57,57,57,57,57,57,95,95,141,141,141,,pase,,,,
115,8,17,9,38,38,38,38,38,38,65,65,95,95,95,,pase,,,,
116,20,41,23,95,95,95,95,95,95,160,160,236,236,236,,pase,,,,
117,15,30,17,68,68,68,68,68,68,115,115,170,170,170,,pase,,,,
118,48,96,54,220,220,220,220,220,220,371,371,547,547,547,,pase,,,,
119,35,71,40,163,163,163,163,163,163,276,276,407,407,407,,pase,,,,
120,14,28,14,47,47,47,47,47,97,97,133,133,133,133,24,pase,,,,
121,17,35,18,60,60,60,60,60,125,125,166,166,166,166,31,pase,,,,
122,21,43,23,78,78,78,78,78,143,156,197,212,212,212,31,pase,,,,
123,34,69,34,137,137,137,137,137,276,276,418,418,418,418,69,pase,,,,
124,20,40,20,80,80,80,80,80,165,165,249,249,249,249,41,pase,,,,
125,55,110,46,210,308,415,210,308,415,514,624,724,828,930,,pase,,,,
126,21,42,16,77,118,152,77,118,152,194,231,268,308,349,,pase,,,,
127,21,42,16,77,118,152,77,118,152,194,231,268,308,349,,sct_site,,,,
128,11,22,9,41,63,84,41,63,84,104,126,146,166,188,,pase,,,,
129,52,104,46,204,264,326,204,264,326,426,493,593,651,711,,pase,,,,
130,22,44,16,83,143,205,83,143,205,241,308,350,408,468,,pase,,,,
131,12,24,6,44,104,166,44,104,166,182,249,271,329,389,,pase,,,,
132,30,60,30,121,121,121,121,121,121,185,185,243,243,243,,pase,,,,
133,30,60,30,121,121,121,121,121,121,185,185,243,243,243,,pase,,,,
134,22,45,22,94,94,94,94,94,94,140,140,186,186,186,,pase,,,,
135,55,111,57,162,162,162,162,162,193,193,262,262,262,262,80,pase,,,,
136,37,75,38,104,104,104,104,104,124,124,163,163,163,163,51,pase,,,,
137,19,38,19,51,51,51,51,51,65,65,80,80,80,80,26,pase,,,,
138,19,38,19,51,51,51,51,51,59,59,80,80,80,80,26,pase,,,,
139,47,95,48,191,191,191,297,297,297,572,572,678,678,678,143,pase,,,,
140,47,95,48,191,191,191,297,297,297,572,572,678,678,678,143,pase,,,,
141,27,55,30,126,126,126,126,126,249,249,368,368,368,368,64,pase,,,,
142,3,6,3,15,15,15,15,15,30,30,43,43,43,43,8,pase,,,,
143,85,171,86,378,378,378,378,378,378,565,565,651,651,651,187,pase,,,,
144,180,359,180,794,794,794,794,794,794,1189,1189,1369,1369,1369,395,pase,,,,
145,95,188,94,416,416,416,416,416,416,624,624,718,718,718,208,pase,,,,
146,21,44,20,97,97,97,97,97,97,145,145,165,165,165,48,pase,,,,
147,28,57,29,115,115,115,98,98,98,166,166,220,220,220,49,pase,,,,
148,28,57,29,115,115,115,98,98,98,166,166,220,220,220,49,pase,,,,
149,95,191,97,423,423,423,423,423,423,634,634,731,731,731,212,pase,,,,
150,123,248,126,538,538,538,521,521,521,800,800,951,951,951,261,pase,,,,
151,61,122,61,269,269,269,269,269,269,403,403,464,464,464,129,pase,,,,
152,153,306,153,668,668,668,668,668,668,1001,1001,1154,1154,1154,333,pase,,,,
153,92,184,92,399,399,399,399,399,399,598,598,691,691,691,200,pase,,,,
154,13,26,13,45,45,45,45,45,96,96,146,146,146,146,23,pase,,,,
155,18,37,19,74,74,74,64,64,64,116,116,141,141,141,32,pase,,,,
156,8,17,9,39,39,39,36,36,36,58,58,68,68,68,18,pase,,,,
157,9,18,9,40,40,40,39,39,39,58,58,70,70,70,20,pase,,,,
158,18,38,19,82,82,82,82,82,151,151,210,210,210,210,41,pase,,,,
159,12,24,12,44,44,44,44,44,89,89,122,122,122,122,23,pase,,,,
160,54,108,54,245,245,245,234,234,471,471,678,678,678,678,117,pase,,,,
161,35,71,129,129,129,128,128,254,254,364,364,364,364,36,64,pase,,,,
162,54,108,229,229,229,219,219,440,440,641,641,641,641,54,110,pase,,,,
163,54,108,229,229,229,219,219,440,440,641,641,641,641,54,110,pase,,,,
164,49,98,197,197,197,192,192,379,379,532,532,532,532,49,96,pase,,,,
165,51,102,51,205,205,205,197,197,387,387,544,544,544,544,99,pase,,,,
166,48,96,48,179,179,179,178,178,345,345,486,486,486,486,89,pase,,,,
167,7,14,7,14,14,14,14,14,14,14,14,14,14,14,7,pase,,,,
168,28,28,15,57,57,57,62,62,62,99,99,149,149,149,31,pase,,,,
169,23,23,12,45,45,45,49,49,49,78,78,119,119,119,25,pase,,,,
170,31,31,15,61,61,61,67,67,67,112,112,159,159,159,33,pase,,,,
171,20,40,20,74,74,74,72,72,143,143,205,205,205,205,36,pase,,,,
172,29,58,29,120,120,120,122,122,212,212,312,312,312,312,61,pase,,,,
173,25,51,26,102,102,102,101,101,179,179,275,275,275,275,51,pase,,,,
174,7,14,7,40,40,40,39,39,95,95,109,109,109,109,20,pase,,,,
175,51,102,51,219,219,219,211,211,389,389,571,571,571,571,106,pase,,,,
176,35,70,35,158,158,158,155,155,301,301,406,406,406,406,78,pase,,,,
177,18,36,18,74,74,74,72,72,116,116,171,171,171,171,36,pase,,,,
178,31,62,30,122,122,122,122,122,122,182,182,246,246,246,,pase,,,,
179,15,31,16,62,62,62,62,62,62,95,95,124,124,124,,pase,,,,
180,9,18,8,41,41,41,41,41,41,55,55,75,75,75,,operator_site,,,,
181,21,43,21,86,86,86,86,86,86,125,125,174,174,174,,operator_site,,,,
182,33,67,33,136,136,136,136,136,136,185,185,247,247,247,,pase,,,,
183,51,102,51,207,207,207,207,207,207,282,282,376,376,376,,pase,,,,
184,24,49,24,100,100,100,100,100,100,136,136,181,181,181,,operator_site,,,,
185,26,52,26,107,107,107,107,107,107,145,145,194,194,194,,operator_site,,,,
186,13,26,13,52,52,52,52,52,52,71,71,84,84,84,26,pase,,,,
187,23,38,7,69,69,69,69,69,116,116,183,183,183,183,23,pase,,,,
188,89,178,95,295,295,295,291,291,291,411,411,488,488,488,135,pase,,,,
189,34,68,36,111,111,111,108,108,108,157,157,186,186,186,51,pase,,,,
190,29,58,31,91,91,91,87,87,87,131,131,163,163,163,39,pase,,,,
191,23,46,25,75,75,75,75,75,75,107,107,125,125,125,35,pase,,,,
192,23,47,19,74,74,74,72,72,72,105,105,127,127,127,32,pase,,,,
193,18,37,16,59,59,59,58,58,58,85,85,104,104,104,29,pase,,,,
194,10,20,8,34,34,34,33,33,33,48,48,56,56,56,15,pase,,,,
195,84,169,92,304,304,304,291,291,291,417,417,494,494,494,144,pase,,,,
196,35,71,38,137,137,137,127,127,127,178,178,204,204,204,61,pase,,,,
197,39,77,39,155,155,155,155,155,155,232,232,310,310,310,77,pase,,,,
198,21,42,21,85,85,85,85,85,85,127,127,169,169,169,42,pase,,,,
199,18,35,18,70,70,70,70,70,70,105,105,141,141,141,35,pase,,,,
200,23,44,23,64,64,64,64,64,89,89,115,115,115,115,32,pase,,,,
201,101,202,111,338,338,338,329,329,329,502,502,670,670,670,159,pase,,,,
202,59,118,67,191,191,191,182,182,182,309,309,393,393,393,85,pase,,,,
203,42,85,44,147,147,147,147,147,147,193,193,277,277,277,74,pase,,,,
204,35,70,38,112,112,112,110,110,110,175,175,221,221,221,51,pase,,,,
205,17,34,23,56,56,56,52,52,52,85,85,98,98,98,29,pase,,,,
206,123,246,134,382,382,382,368,368,368,638,638,806,806,806,172,pase,,,,
207,100,201,113,319,319,319,304,304,304,556,556,703,703,703,141,pase,,,,
208,98,196,103,354,354,354,340,340,340,517,517,628,628,628,162,pase,,,,
209,86,172,92,273,273,273,263,263,263,422,422,516,516,516,124,pase,,,,
210,73,146,80,237,237,237,229,229,229,425,425,540,540,540,107,pase,,,,
211,36,72,38,128,128,128,124,124,124,209,209,250,250,250,59,pase,,,,
212,63,127,71,210,210,210,199,199,199,340,340,413,413,413,93,pase,,,,
213,49,98,50,164,164,164,158,158,158,206,206,226,226,226,76,pase,,,,
214,26,53,29,101,101,101,94,94,94,124,124,123,123,123,45,pase,,,,
215,22,44,21,64,64,64,64,64,64,82,82,103,103,103,31,pase,,,,
216,70,140,70,282,282,282,273,273,273,403,403,563,563,563,137,pase,,,,
217,52,104,52,202,202,202,202,202,202,312,312,485,485,485,52,pase,,,,
218,50,100,49,163,163,163,163,163,163,266,266,416,416,416,49,pase,,,,
219,40,81,41,140,140,140,140,140,140,227,227,351,351,351,41,pase,,,,
220,28,56,28,96,96,96,96,96,96,156,156,239,239,239,28,pase,,,,
221,14,28,14,48,48,48,48,48,48,77,77,119,119,119,14,pase,,,,
222,53,105,52,177,177,177,177,177,177,285,285,444,444,444,52,pase,,,,
223,16,33,16,55,55,55,55,55,55,88,88,138,138,138,16,pase,,,,
224,31,62,31,108,108,108,102,102,102,110,110,151,151,151,51,pase,,,,
225,102,203,70,348,447,447,348,447,447,447,447,794,794,794,70,pase,,,,
226,76,151,70,260,335,335,260,335,335,335,335,597,597,597,70,pase,,,,
227,72,144,70,242,309,309,242,309,309,309,309,553,553,553,70,pase,,,,
228,69,138,70,236,299,299,236,299,299,299,299,541,541,541,70,pase,,,,
229,33,65,70,112,147,147,112,147,147,147,147,254,254,254,70,pase,,,,
230,30,59,70,107,137,137,107,137,137,137,137,242,242,242,70,pase,,,,
231,8,15,4,24,30,30,24,30,30,30,30,54,54,54,4,pase,,,,
232,5,9,3,17,21,21,17,21,21,21,21,40,40,40,3,pase,,,,
233,2,3,1,6,8,8,6,8,8,8,8,16,16,16,1,pase,,,,
234,76,151,70,260,335,335,260,335,335,335,335,597,597,597,70,pase,,,,
235,27,53,70,87,110,110,87,110,110,110,110,199,199,199,70,pase,,,,
236,8,15,4,24,30,30,24,30,30,30,30,54,54,54,4,pase,,,,
237,5,9,3,17,21,21,17,21,21,21,21,40,40,40,3,pase,,,,
238,61,122,61,221,221,221,221,221,221,342,342,417,417,417,111,pase,,,,
239,35,71,36,129,129,129,129,129,129,202,202,244,244,244,65,pase,,,,
240,26,51,25,92,92,92,92,92,92,140,140,173,173,173,46,pase,,,,
241,5,11,5,,,,,,,,,,,,,pase,,,,
242,55,111,55,222,222,222,222,222,222,334,334,444,444,444,,pase,,,,
243,27,55,28,111,111,111,111,111,111,166,166,222,222,222,,pase,,,,
244,27,55,28,111,111,111,111,111,111,166,166,222,222,222,,sct_site,,,,
245,27,55,28,111,111,111,111,111,111,166,166,222,222,222,,sct_site,,,,
246,27,55,28,111,111,111,111,111,111,166,166,222,222,222,,sct_site,,,,
247,36,72,36,144,144,144,144,144,144,216,216,287,287,287,,pase,,,,
248,36,73,29,95,138,197,95,138,197,233,273,310,358,382,,pase,,,,
249,18,36,18,46,72,101,46,72,101,118,139,158,183,195,,pase,,,,
250,21,43,21,65,96,131,65,96,131,168,210,248,281,322,,pase,,,,
251,18,36,17,53,76,105,53,76,105,134,170,199,225,257,,pase,,,,
252,27,54,27,107,161,215,107,161,215,215,215,215,215,215,,pase,,,,
253,23,47,23,97,141,188,97,141,188,188,188,188,188,188,,pase,,,,
254,24,49,25,99,148,198,99,148,198,198,198,198,198,198,,pase,,,,
255,20,40,20,81,121,161,81,121,161,161,161,161,161,161,,pase,,,,
256,53,107,53,215,215,215,215,215,429,429,429,429,429,429,108,pase,,,,
257,33,67,33,135,135,135,135,135,269,269,269,269,269,269,68,pase,,,,
258,20,40,20,80,80,80,80,80,160,160,160,160,160,160,40,pase,,,,
259,88,177,88,355,355,355,355,355,355,532,532,710,710,710,,pase,,,,
260,65,131,65,262,262,262,262,262,262,393,393,523,523,523,,pase,,,,
261,23,47,23,93,93,93,93,93,93,140,140,186,186,186,,pase,,,,
262,66,133,66,265,265,265,265,265,265,398,398,530,530,530,,pase,,,,
263,66,133,66,265,265,265,265,265,265,398,398,530,530,530,,pase,,,,
264,54,108,54,216,216,216,216,216,216,325,325,433,433,433,,pase,,,,
265,12,24,12,49,49,49,49,49,49,73,73,98,98,98,,pase,,,,
266,33,66,33,132,132,132,132,132,132,198,198,264,264,264,,pase,,,,
267,27,55,28,111,111,111,111,111,111,166,166,221,221,221,,pase,,,,
268,28,56,28,81,140,191,81,140,191,247,306,342,380,449,56,pase,,,,
269,28,56,28,81,140,191,81,140,191,247,306,342,380,449,56,pase,,,,
270,33,66,34,141,141,141,141,141,141,217,217,275,275,275,71,pase,,,,
271,33,66,34,141,141,141,141,141,141,217,217,275,275,275,71,pase,,,,
272,96,193,98,365,365,365,351,351,351,476,476,567,567,567,163,pase,,,,
273,50,100,50,183,183,183,177,177,177,241,241,285,285,285,83,pase,,,,
274,46,93,49,182,182,182,174,174,174,234,234,282,282,282,80,pase,,,,
275,27,55,30,106,106,106,97,97,97,137,137,166,166,166,47,pase,,,,
276,9,18,8,34,34,34,33,33,33,47,47,55,55,55,15,pase,,,,
277,125,251,133,473,473,473,463,463,463,666,666,777,777,777,213,pase,,,,
278,81,163,87,303,303,303,297,297,297,423,423,486,486,486,135,pase,,,,
279,48,97,53,183,183,183,179,179,179,247,247,276,276,276,84,pase,,,,
280,44,88,47,171,171,171,166,166,166,244,244,291,291,291,78,pase,,,,
281,67,135,72,249,249,249,245,245,245,351,351,417,417,417,113,pase,,,,
282,38,77,47,163,163,163,160,160,160,229,229,273,273,273,74,pase,,,,
283,19,39,16,61,61,61,59,59,59,83,83,96,96,96,30,pase,,,,
284,13,26,16,58,58,58,56,56,56,80,80,103,103,103,28,pase,,,,
285,132,265,143,453,453,453,440,440,440,674,674,839,839,839,206,pase,,,,
286,122,245,130,406,406,406,392,392,392,603,603,732,732,732,183,pase,,,,
287,99,200,109,343,343,343,328,328,328,521,521,629,629,629,152,pase,,,,
288,99,198,107,335,335,335,321,321,321,524,524,668,668,668,151,pase,,,,
289,95,191,101,344,344,344,335,335,335,458,458,549,549,549,158,pase,,,,
290,95,191,101,344,344,344,335,335,335,458,458,549,549,549,158,pase,,,,
291,72,145,76,261,261,261,253,253,253,390,390,466,466,466,118,pase,,,,
292,62,124,65,226,226,226,216,216,216,308,308,378,378,378,103,pase,,,,
293,62,124,65,226,226,226,216,216,216,308,308,378,378,378,103,pase,,,,
294,58,117,59,235,235,235,230,230,230,242,242,259,259,259,110,pase,,,,
295,36,73,38,133,133,133,129,129,129,181,181,216,216,216,59,pase,,,,
296,33,67,36,119,119,119,119,119,119,149,149,171,171,171,55,pase,,,,
297,25,50,23,117,117,117,111,111,111,92,92,88,88,88,55,pase,,,,
298,61,123,69,253,253,253,250,250,250,364,364,452,452,452,124,pase,,,,
299,8,15,8,23,23,23,23,23,35,35,54,54,54,54,12,pase,,,,
300,30,61,31,106,106,106,106,106,106,169,169,212,212,212,51,pase,,,,
301,25,51,25,103,103,103,103,103,103,155,155,201,201,201,40,pase,,,,
302,8,17,8,37,37,37,37,37,37,56,56,74,74,74,14,pase,,,,
303,41,81,41,162,162,162,162,162,162,244,244,325,325,325,,,,,,
304,12,25,12,49,49,49,49,49,49,73,73,98,98,98,,,,,,
305,44,89,52,214,214,214,215,215,215,322,322,431,431,431,,pase,,,,
306,38,76,44,183,183,183,184,184,184,276,276,368,368,368,,pase,,,,
307,60,121,64,284,284,284,273,273,273,414,414,571,571,571,,pase,,,,
308,35,71,37,186,186,186,180,180,180,258,258,356,356,356,,pase,,,,
309,25,50,26,73,73,73,72,72,72,114,114,154,154,154,,pase,,,,
310,39,78,39,147,147,147,143,143,143,225,225,299,299,299,,pase,,,,
311,30,60,30,115,115,115,114,114,114,159,159,226,226,226,,pase,,,,
312,9,18,11,29,29,29,28,28,28,67,67,76,76,76,,pase,,,,
313,39,78,39,149,149,149,145,145,145,225,225,298,298,298,,pase,,,,
314,30,59,30,115,115,115,114,114,114,159,159,225,225,225,,pase,,,,
315,11,21,11,32,32,32,30,30,30,67,67,75,75,75,,pase,,,,
316,72,144,73,289,289,289,287,287,287,429,429,571,571,571,,pase,,,,
317,106,213,108,433,433,433,429,429,429,642,642,856,856,856,,pase,,,,
318,72,144,73,289,289,289,287,287,287,429,429,571,571,571,,pase,,,,
319,35,71,37,147,147,147,145,145,145,216,216,286,286,286,,pase,,,,
320,74,149,75,275,275,275,273,273,273,467,467,682,682,682,137,pase,,,,
321,27,54,27,120,120,120,117,117,117,230,230,333,333,333,59,pase,,,,
322,9,18,9,35,35,35,35,35,35,55,55,82,82,82,18,pase,,,,
323,41,82,41,145,145,145,142,142,142,232,232,341,341,341,71,pase,,,,
324,31,63,32,111,111,111,109,109,109,178,178,264,264,264,55,pase,,,,
325,30,60,30,107,107,107,105,105,105,172,172,255,255,255,53,pase,,,,
326,25,51,26,91,91,91,89,89,89,146,146,213,213,213,45,pase,,,,
327,21,42,21,72,72,72,71,71,71,118,118,173,173,173,36,pase,,,,
328,16,32,16,54,54,54,52,52,52,88,88,126,126,126,26,pase,,,,
329,9,19,10,36,36,36,36,36,36,57,57,85,85,85,18,pase,,,,
330,16,32,16,55,55,55,53,53,53,89,89,128,128,128,27,pase,,,,
331,16,32,16,54,54,54,52,52,52,88,88,126,126,126,26,pase,,,,
332,5,11,6,20,20,20,20,20,20,35,35,51,51,51,10,pase,,,,
333,25,51,26,91,91,91,89,89,89,146,146,213,213,213,45,pase,,,,
334,41,82,41,145,145,145,142,142,142,232,232,341,341,341,71,pase,,,,
335,31,63,32,111,111,111,109,109,109,178,178,264,264,264,55,pase,,,,
336,30,61,31,108,108,108,106,106,106,174,174,257,257,257,53,pase,,,,
337,22,44,22,75,75,75,73,73,73,122,122,179,179,179,37,pase,,,,
338,16,32,16,54,54,54,52,52,52,88,88,126,126,126,26,pase,,,,
339,5,11,6,20,20,20,20,20,20,35,35,51,51,51,10,pase,,,,
340,5,10,5,15,15,15,14,14,14,21,21,29,29,29,7,pase,,,,
341,7,15,8,33,33,33,32,32,32,40,40,42,42,42,16,pase,,,,
342,16,32,16,40,40,40,39,39,39,45,45,48,48,48,20,pase,,,,
343,47,95,48,162,162,162,162,162,162,202,202,221,221,221,81,pase,,,,
344,32,65,33,113,113,113,111,111,111,140,140,157,157,157,56,pase,,,,
345,100,200,100,414,414,414,410,410,410,539,539,597,597,597,205,pase,,,,
346,60,120,60,244,244,244,245,245,245,327,327,331,331,331,123,pase,,,,
347,38,76,38,166,166,166,165,165,165,214,214,198,198,198,83,pase,,,,
348,91,182,91,239,239,239,239,239,239,315,315,352,352,352,120,pase,,,,
349,81,163,82,226,226,226,224,224,224,306,306,342,342,342,112,pase,,,,
350,28,56,28,94,94,94,94,94,94,119,119,134,134,134,47,pase,,,,
351,22,44,22,90,90,90,87,87,87,131,131,186,186,186,44,pase,,,,
352,9,18,9,36,36,36,34,34,57,57,70,70,70,70,17,pase,,,,
353,53,107,54,217,217,217,216,216,216,397,397,544,544,544,108,pase,,,,
354,94,189,,342,342,342,567,567,567,567,567,567,567,567,,pase,,,,
355,41,82,41,82,82,82,,,,,,,,,,pase,,,,
356,25,49,25,92,92,92,92,92,92,138,138,183,183,183,49,pase,,,,
357,86,172,92,273,273,273,263,263,263,422,422,516,516,516,124,pase,,,,
358,63,127,71,210,210,210,199,199,199,340,340,413,413,413,93,pase,,,,
359,95,191,101,344,344,344,335,335,335,458,458,549,549,549,158,pase,,,,
360,62,124,65,226,226,226,216,216,216,308,308,378,378,378,103,pase,,,,
361,36,72,38,128,128,128,124,124,124,209,209,250,250,250,59,pase,,,,
362,36,73,38,133,133,133,129,129,129,181,181,216,216,216,59,pase,,,,
363,37,74,42,109,109,109,105,105,105,216,216,290,290,290,48,pase,,,,
364,34,68,34,122,122,122,120,120,120,164,164,196,196,196,60,pase,,,,
365,18,37,23,61,61,61,61,61,61,124,124,165,165,165,30,pase,,,,
366,13,26,15,38,38,38,38,38,38,80,80,105,105,105,16,pase,,,,
367,12,24,13,34,34,34,35,35,35,71,71,95,95,95,15,pase,,,,
368,8,17,6,23,23,23,23,23,23,49,49,64,64,64,8,pase,,,,
369,47,94,47,113,113,113,113,113,113,175,175,190,190,190,56,pase,,,,
370,5,10,4,12,12,12,12,12,12,19,19,19,19,19,5,pase,,,,
371,58,117,57,143,143,143,141,141,141,217,217,244,244,244,70,pase,,,,
372,147,295,146,366,366,366,356,356,356,539,539,596,596,596,181,pase,,,,
373,109,218,109,272,272,272,267,267,267,416,416,457,457,457,137,pase,,,,
374,7,13,6,10,10,10,13,13,13,39,39,43,43,43,9,pase,,,,
375,58,117,58,171,171,171,171,171,171,285,285,377,377,377,86,pase,,,,
376,44,88,44,132,132,132,132,132,132,213,213,286,286,286,66,pase,,,,
377,21,42,21,54,54,54,54,54,54,110,110,139,139,139,29,pase,,,,
378,102,204,104,302,302,302,302,302,302,499,499,662,662,662,154,pase,,,,
379,0,0,0,392,483,590,392,483,590,662,803,909,1002,1047,0,pase,,,,
380,102,205,103,262,262,262,254,254,254,377,377,414,414,414,128,pase,,,,
381,25,50,26,61,61,61,57,57,57,75,75,82,82,82,31,pase,,,,
382,153,306,151,334,334,334,337,337,337,544,544,613,613,613,169,pase,,,,
383,89,179,94,250,250,250,244,244,244,373,373,410,410,410,119,pase,,,,
384,49,98,47,128,128,128,123,123,123,184,184,210,210,210,61,pase,,,,
385,42,84,42,122,122,122,118,118,118,187,187,201,201,201,60,pase,,,,
386,50,100,49,118,118,118,118,118,118,184,184,203,203,203,60,pase,,,,
387,48,96,56,226,226,226,226,226,226,339,339,451,451,451,113,pase,,,,
388,32,65,37,147,147,147,147,147,147,221,221,295,295,295,74,pase,,,,
389,20,41,20,81,81,81,81,81,156,156,216,216,216,216,41,pase,,,,
390,102,205,103,248,248,248,248,248,465,465,643,643,643,643,124,pase,,,,
391,82,164,82,199,199,199,199,199,374,374,517,517,517,517,100,pase,,,,
392,30,60,30,75,75,75,75,75,139,139,190,190,190,190,38,pase,,,,
393,52,104,52,124,124,124,124,124,235,235,327,327,327,327,62,pase,,,,
394,20,40,20,55,55,55,55,55,55,90,90,125,125,125,26,pase,,,,
395,72,145,72,230,230,230,230,230,230,400,400,570,570,570,114,pase,,,,
396,37,75,37,110,110,110,110,110,110,195,195,250,250,250,56,pase,,,,
397,102,205,102,320,320,320,320,320,320,550,550,740,740,740,159,pase,,,,
398,47,95,47,125,125,125,125,125,125,195,195,270,270,270,64,pase,,,,
399,210,420,210,690,690,690,690,690,690,1160,1160,1590,1590,1590,346,pase,,,,
400,105,210,105,345,345,345,345,345,345,580,580,795,795,795,173,pase,,,,
401,120,240,120,390,390,390,390,390,390,590,590,720,720,720,194,pase,,,,
402,60,120,60,195,195,195,195,195,195,295,295,360,360,360,97,pase,,,,
403,35,71,33,114,114,114,122,122,122,138,138,175,175,175,60,pase,,,,
404,30,60,28,100,100,100,108,108,108,116,116,148,148,148,52,pase,,,,
405,13,27,13,40,40,40,44,44,44,52,52,65,65,65,22,pase,,,,
406,94,191,95,328,328,328,346,346,346,386,386,504,504,504,173,pase,,,,
407,108,218,110,355,355,355,368,368,368,418,418,525,525,525,185,pase,,,,
408,108,218,110,355,355,355,368,368,368,418,418,525,525,525,185,pase,,,,
409,76,154,78,265,265,265,275,275,275,286,286,387,387,387,138,pase,,,,
410,32,64,32,90,90,90,93,93,93,132,132,138,138,138,47,pase,,,,
411,24,50,25,83,83,83,87,87,87,97,97,126,126,126,43,pase,,,,
412,13,26,13,47,47,47,47,47,100,100,146,146,146,146,24,pase,,,,
413,13,26,13,47,47,47,47,47,100,100,146,146,146,146,24,pase,,,,
414,107,215,108,414,414,414,410,410,410,614,614,708,708,708,206,pase,,,,
415,57,115,58,253,253,253,253,253,253,380,380,438,438,438,127,pase,,,,
416,54,109,55,177,177,177,174,174,174,262,262,301,301,301,87,pase,,,,
417,54,109,55,177,177,177,174,174,174,262,262,301,301,301,87,pase,,,,
418,54,109,55,177,177,177,174,174,174,262,262,301,301,301,87,pase,,,,
419,23,46,23,97,97,97,98,98,98,143,143,171,171,171,49,pase,,,,
420,54,109,55,178,178,178,174,174,174,262,262,314,314,314,87,pase,,,,
421,18,36,18,58,58,58,58,58,58,90,90,116,116,116,29,pase,,,,
422,37,74,37,163,163,163,163,163,163,244,244,281,281,281,81,pase,,,,
423,75,151,75,331,331,331,331,331,331,497,497,573,573,573,166,pase,,,,
424,38,77,38,169,169,169,169,169,169,253,253,291,291,291,84,pase,,,,
425,101,202,101,397,397,397,397,397,586,586,802,802,802,802,199,pase,,,,
426,75,151,76,300,300,300,300,300,435,435,585,585,585,585,150,pase,,,,
427,25,50,25,100,100,100,100,100,151,151,217,217,217,217,50,pase,,,,
428,191,382,191,756,756,756,756,756,1112,1112,1524,1524,1524,1524,378,pase,,,,
429,60,120,60,239,239,239,239,239,353,353,482,482,482,482,120,pase,,,,
430,40,80,40,161,161,161,161,161,234,234,322,322,322,322,81,pase,,,,
431,76,153,76,262,262,262,262,341,341,500,500,665,665,665,131,pase,,,,
432,88,176,88,301,301,301,301,392,392,574,574,765,765,765,150,pase,,,,
433,89,179,90,280,280,280,280,380,380,541,541,689,689,689,141,pase,,,,
434,54,109,55,171,171,171,171,235,235,336,336,396,396,396,86,pase,,,,
435,35,70,35,109,109,109,109,145,145,205,205,293,293,293,55,pase,,,,
436,119,238,119,425,425,425,425,545,545,801,801,1041,1041,1041,213,pase,,,,
437,87,174,87,311,311,311,311,400,400,584,584,764,764,764,156,pase,,,,
438,32,64,32,114,114,114,114,145,145,217,217,277,277,277,57,pase,,,,
439,63,127,64,218,218,218,218,283,283,415,415,553,553,553,109,pase,,,,
440,36,73,36,125,125,125,125,162,162,237,237,317,317,317,62,pase,,,,
441,27,54,28,93,93,93,93,121,121,178,178,236,236,236,47,pase,,,,
442,48,96,48,167,167,167,145,145,145,212,212,241,241,241,73,pase,,,,
443,84,168,84,279,279,279,245,245,245,337,337,382,382,382,123,pase,,,,
444,77,154,77,223,223,223,196,196,196,330,330,379,379,379,98,pase,,,,
445,87,175,88,238,238,238,209,209,209,337,337,369,369,369,105,pase,,,,
446,22,44,22,74,74,74,74,74,74,123,123,151,151,151,37,pase,,,,
447,21,43,22,74,74,74,74,74,74,123,123,149,149,149,37,pase,,,,
448,37,76,37,139,139,139,149,149,149,265,265,275,275,275,74,pase,,,,
449,25,51,25,95,95,95,102,102,102,181,181,186,186,186,51,pase,,,,
450,12,25,12,44,44,44,47,47,47,84,84,89,89,89,23,pase,,,,
451,29,59,29,107,107,107,118,118,118,221,221,230,230,230,58,pase,,,,
452,15,31,15,60,60,60,67,67,67,129,129,133,133,133,33,pase,,,,
453,14,28,14,47,47,47,51,51,51,92,92,97,97,97,25,pase,,,,
454,71,143,71,269,269,269,294,294,294,532,532,555,555,555,147,pase,,,,
455,49,98,49,162,162,162,178,178,178,322,322,335,335,335,89,pase,,,,
456,22,45,22,107,107,107,116,116,116,210,210,220,220,220,58,pase,,,,
457,10,21,10,33,33,33,33,33,33,49,49,49,49,49,16,operator_site,,,,
458,27,55,27,92,92,92,92,92,92,134,134,134,134,134,46,operator_site,,,,
459,25,51,26,77,77,77,,,,,,,,,,pase,,,,
460,39,78,39,133,133,133,179,179,179,279,279,347,347,347,90,pase,,,,
461,29,59,30,90,90,90,162,162,162,219,219,276,276,276,81,pase,,,,
462,22,43,22,70,70,70,70,70,70,132,132,195,195,195,43,pase,,,,
463,113,221,113,424,424,424,236,236,236,573,573,1377,1377,1377,202,pase,,,,
464,70,133,68,266,266,266,150,150,150,350,350,835,835,835,130,pase,,,,
465,43,83,43,174,174,174,101,101,101,229,229,539,539,539,86,pase,,,,
466,36,66,36,128,128,128,72,72,72,169,169,396,396,396,60,pase,,,,
467,26,45,26,76,76,76,45,45,45,108,108,256,256,256,40,pase,,,,
468,89,174,90,335,335,335,218,218,218,535,535,971,971,971,145,pase,,,,
469,58,109,58,205,205,205,134,134,134,331,331,583,583,583,90,pase,,,,
470,41,76,41,134,134,134,90,90,90,212,212,386,386,386,67,pase,,,,
471,86,172,86,334,334,334,201,201,201,496,496,1040,1040,1040,162,pase,,,,
472,20,20,,50,50,50,50,50,50,50,50,50,50,50,,pase,,,,
473,43,83,83,159,159,159,159,159,159,307,307,382,457,526,83,pase,,,,
474,44,84,84,162,162,162,162,162,162,310,310,388,464,538,84,pase,,,,
475,35,60,61,119,119,119,119,119,119,235,235,287,342,400,61,pase,,,,
476,8,15,8,20,20,20,20,20,28,28,37,37,37,37,11,pase,,,,
477,68,136,26,230,230,230,230,230,230,325,325,360,360,360,26,pase,,,,
478,16,32,16,65,65,65,65,65,65,65,65,65,65,65,32,pase,,,,
479,166,332,166,442,442,442,440,440,440,600,600,689,689,689,220,pase,,,,
480,68,136,68,180,180,180,179,179,179,223,223,256,256,256,90,pase,,,,
481,95,190,95,245,245,245,244,244,244,328,328,374,374,374,122,pase,,,,
482,72,145,73,200,200,200,199,199,199,276,276,314,314,314,100,pase,,,,
483,69,138,69,181,181,181,181,181,181,245,245,279,279,279,138,pase,,,,
484,25,50,26,63,63,63,63,63,63,108,108,118,118,118,35,sct_site,,,,
485,25,50,26,63,63,63,63,63,63,108,108,118,118,118,35,sct_site,,,,
486,172,345,173,439,439,439,427,427,427,639,639,708,708,708,214,pase,,,,
487,77,154,77,201,201,201,198,198,198,301,301,314,314,314,99,pase,,,,
488,100,200,100,254,254,254,250,250,250,381,381,405,405,405,125,pase,,,,
489,72,145,73,184,184,184,178,178,178,256,256,307,307,307,89,pase,,,,
490,126,253,127,327,327,327,318,318,318,495,495,530,530,530,159,pase,,,,
491,47,94,47,118,118,118,115,115,115,145,145,179,179,179,58,pase,,,,
492,96,192,96,243,243,243,232,232,232,339,339,394,394,394,116,pase,,,,
493,23,46,25,58,58,58,57,57,57,78,78,94,94,94,29,sct_site,,,,
494,27,55,27,70,70,70,66,66,66,115,115,128,128,128,33,sct_site,,,,
495,50,101,51,126,126,126,120,120,120,198,198,215,215,215,61,sct_site,,,,
496,28,56,28,74,74,74,74,74,74,112,112,115,115,115,37,pase,,,,
497,16,33,17,41,41,41,41,41,41,64,64,68,68,68,21,pase,,,,
498,16,33,17,41,41,41,41,41,41,64,64,68,68,68,21,pase,,,,
499,44,89,45,115,115,115,115,115,115,176,176,183,183,183,58,sct_site,,,,
500,23,46,23,97,97,97,95,95,95,196,196,312,312,312,48,pase,,,,
501,23,46,23,97,97,97,95,95,95,196,196,312,312,312,48,pase,,,,
502,50,101,51,181,181,181,181,181,181,267,267,348,348,348,91,pase,,,,
503,25,51,26,94,94,94,90,90,90,136,136,172,172,172,45,pase,,,,
504,25,51,26,94,94,94,90,90,90,136,136,172,172,172,45,sct_site,,,,
505,16,32,70,70,70,70,70,140,140,233,233,233,233,16,36,pase,,,,
506,16,32,65,65,65,65,65,65,65,65,65,65,65,16,32,pase,,,,
507,9,17,9,33,33,33,33,33,53,53,75,75,75,75,17,pase,,,,
508,16,32,16,65,65,65,65,65,65,65,65,65,65,65,32,pase,,,,
509,16,32,16,65,65,65,65,65,65,65,65,65,65,65,32,pase,,,,
510,16,32,16,65,65,65,65,65,65,65,65,65,65,65,32,pase,,,,
511,15,30,15,58,58,58,58,58,58,58,58,58,58,58,29,pase,,,,
512,16,32,16,65,65,65,65,65,65,65,65,65,65,65,32,pase,,,,
513,16,32,16,65,65,65,65,65,65,65,65,65,65,65,32,pase,,,,
514,18,36,53,70,70,70,70,70,70,151,151,250,250,250,17,operator_site,,,,
515,58,115,58,199,199,199,199,199,199,287,287,338,338,338,115,pase,,,,
516,18,35,18,57,57,57,57,57,57,88,88,96,96,96,35,pase,,,,
517,23,47,24,100,100,100,101,101,166,166,234,234,234,234,51,pase,,,,
518,51,103,52,184,184,184,184,184,330,330,476,476,476,476,92,pase,,,,
519,23,47,24,100,100,100,101,101,166,166,234,234,234,234,51,sct_site,,,,
520,23,47,24,100,100,100,100,100,120,120,139,139,139,139,50,pase,,,,
521,23,47,24,100,100,100,100,100,120,120,139,139,139,139,50,pase,,,,
522,21,43,22,86,86,86,86,86,103,103,119,119,119,119,43,pase,,,,
523,25,51,26,104,104,104,100,100,124,124,145,145,145,145,50,sct_site,,,,
524,302,604,308,1117,1117,1117,1117,1117,1117,1716,1716,2568,2568,2568,562,pase,,,,
525,246,492,252,937,937,937,937,937,937,1435,1435,2176,2176,2176,471,pase,,,,
526,222,445,228,868,868,868,868,868,868,1319,1319,2023,2023,2023,436,pase,,,,
527,204,408,209,778,778,778,778,778,778,1191,1191,1838,1838,1838,391,pase,,,,
528,185,371,190,725,725,725,725,725,725,1101,1101,1695,1695,1695,364,pase,,,,
529,156,312,160,609,609,609,609,609,609,927,927,1440,1440,1440,306,pase,,,,
530,127,254,130,508,508,508,508,508,508,789,789,1223,1223,1223,255,pase,,,,
531,119,238,122,455,455,455,455,455,455,715,715,1101,1101,1101,229,pase,,,,
532,111,222,113,397,397,397,397,397,397,635,635,969,969,969,199,pase,,,,
533,103,207,105,376,376,376,376,376,376,567,567,890,890,890,189,pase,,,,
534,87,175,89,318,318,318,318,318,318,492,492,778,778,778,159,pase,,,,
535,63,127,65,222,222,222,222,222,222,350,350,567,567,567,111,pase,,,,
536,55,111,56,191,191,191,191,191,191,275,275,466,466,466,95,pase,,,,
537,16,32,16,53,53,53,53,53,53,90,90,154,154,154,26,pase,,,,
538,286,572,292,1064,1064,1064,1064,1064,1064,1626,1626,2415,2415,2415,536,pase,,,,
539,230,461,236,884,884,884,884,884,884,1345,1345,2023,2023,2023,445,pase,,,,
540,206,413,212,816,816,816,816,816,816,1229,1229,1869,1869,1869,410,pase,,,,
541,188,376,193,725,725,725,725,725,725,1101,1101,1684,1684,1684,364,pase,,,,
542,169,339,174,673,673,673,673,673,673,1011,1011,1541,1541,1541,338,pase,,,,
543,140,281,144,556,556,556,556,556,556,837,837,1287,1287,1287,280,pase,,,,
544,111,222,114,455,455,455,455,455,455,699,699,1070,1070,1070,229,pase,,,,
545,103,207,106,402,402,402,402,402,402,625,625,948,948,948,202,pase,,,,
546,95,191,97,344,344,344,344,344,344,545,545,816,816,816,173,pase,,,,
547,87,175,89,323,323,323,323,323,323,477,477,736,736,736,162,pase,,,,
548,71,143,73,265,265,265,265,265,265,402,402,625,625,625,132,pase,,,,
549,47,95,49,169,169,169,169,169,169,259,259,413,413,413,85,pase,,,,
550,39,79,40,138,138,138,138,138,138,185,185,312,312,312,69,pase,,,,
551,16,32,16,53,53,53,53,53,53,90,90,154,154,154,26,pase,,,,
552,246,492,252,927,927,927,927,927,927,1440,1440,2102,2102,2102,467,pase,,,,
553,190,381,196,747,747,747,747,747,747,1160,1160,1710,1710,1710,376,pase,,,,
554,167,334,172,678,678,678,678,678,678,1043,1043,1557,1557,1557,341,pase,,,,
555,148,297,153,588,588,588,588,588,588,916,916,1372,1372,1372,295,pase,,,,
556,129,259,133,535,535,535,535,535,535,826,826,1229,1229,1229,269,pase,,,,
557,100,201,104,418,418,418,418,418,418,651,651,974,974,974,211,pase,,,,
558,71,143,74,318,318,318,318,318,318,514,514,757,757,757,160,pase,,,,
559,63,127,66,265,265,265,265,265,265,440,440,635,635,635,133,pase,,,,
560,55,111,57,207,207,207,207,207,207,360,360,503,503,503,104,pase,,,,
561,55,111,56,191,191,191,191,191,191,275,275,466,466,466,95,pase,,,,
562,47,95,49,185,185,185,185,185,185,291,291,424,424,424,93,pase,,,,
563,39,79,40,138,138,138,138,138,138,185,185,312,312,312,69,pase,,,,
564,32,64,33,127,127,127,127,127,127,217,217,312,312,312,64,pase,,,,
565,8,16,8,32,32,32,32,32,32,74,74,101,101,101,16,pase,,,,
566,246,492,252,927,927,927,927,927,927,1440,1440,2102,2102,2102,467,pase,,,,
567,55,111,56,191,191,191,191,191,191,275,275,466,466,466,95,pase,,,,
568,39,79,40,138,138,138,138,138,138,185,185,312,312,312,69,pase,,,,
569,238,477,244,895,895,895,895,895,895,1366,1366,2002,2002,2002,451,pase,,,,
570,182,365,187,715,715,715,715,715,715,1086,1086,1610,1610,1610,360,pase,,,,
571,159,318,163,646,646,646,646,646,646,969,969,1456,1456,1456,325,pase,,,,
572,140,281,144,556,556,556,556,556,556,842,842,1271,1271,1271,280,pase,,,,
573,122,244,125,503,503,503,503,503,503,752,752,1128,1128,1128,253,pase,,,,
574,92,185,95,387,387,387,387,387,387,577,577,874,874,874,195,pase,,,,
575,63,127,66,286,286,286,286,286,286,440,440,657,657,657,144,pase,,,,
576,63,127,65,222,222,222,222,222,222,350,350,567,567,567,111,pase,,,,
577,55,111,57,233,233,233,233,233,233,365,365,535,535,535,118,pase,,,,
578,47,95,49,169,169,169,169,169,169,259,259,413,413,413,85,pase,,,,
579,47,95,49,175,175,175,175,175,175,286,286,402,402,402,88,pase,,,,
580,39,79,40,154,154,154,154,154,154,217,217,323,323,323,77,pase,,,,
581,24,48,24,95,95,95,95,95,95,143,143,212,212,212,48,pase,,,,
582,8,16,8,32,32,32,32,32,32,74,74,101,101,101,16,pase,,,,
583,8,16,8,32,32,32,32,32,32,74,74,101,101,101,16,pase,,,,
584,214,429,219,800,800,800,800,800,800,1223,1223,1790,1790,1790,404,pase,,,,
585,159,318,163,620,620,620,620,620,620,943,943,1398,1398,1398,312,pase,,,,
586,135,270,139,551,551,551,551,551,551,826,826,1244,1244,1244,277,pase,,,,
587,116,233,120,461,461,461,461,461,461,699,699,1059,1059,1059,232,pase,,,,
588,98,196,101,408,408,408,408,408,408,609,609,916,916,916,205,pase,,,,
589,87,175,89,318,318,318,318,318,318,492,492,778,778,778,159,pase,,,,
590,71,143,73,265,265,265,265,265,265,402,402,625,625,625,132,pase,,,,
591,69,138,71,291,291,291,291,291,291,434,434,662,662,662,147,pase,,,,
592,39,79,41,191,191,191,191,191,191,297,297,445,445,445,96,pase,,,,
593,32,64,33,138,138,138,138,138,138,222,222,323,323,323,70,pase,,,,
594,32,64,33,127,127,127,127,127,127,217,217,312,312,312,64,pase,,,,
595,32,64,33,127,127,127,127,127,127,217,217,312,312,312,64,pase,,,,
596,24,48,24,79,79,79,79,79,79,143,143,191,191,191,40,pase,,,,
597,24,48,24,95,95,95,95,95,95,143,143,212,212,212,48,pase,,,,
598,16,32,16,58,58,58,58,58,58,74,74,111,111,111,30,pase,,,,
599,198,397,203,741,741,741,741,741,741,1149,1149,1679,1679,1679,374,pase,,,,
600,143,286,147,561,561,561,561,561,561,868,868,1287,1287,1287,283,pase,,,,
601,119,238,123,492,492,492,492,492,492,752,752,1133,1133,1133,248,pase,,,,
602,103,207,105,376,376,376,376,376,376,567,567,890,890,890,189,pase,,,,
603,100,201,104,402,402,402,402,402,402,625,625,948,948,948,202,pase,,,,
604,87,175,89,323,323,323,323,323,323,477,477,736,736,736,162,pase,,,,
605,82,164,85,350,350,350,350,350,350,535,535,805,805,805,176,pase,,,,
606,53,106,55,233,233,233,233,233,233,360,360,551,551,551,118,pase,,,,
607,47,95,49,185,185,185,185,185,185,291,291,424,424,424,93,pase,,,,
608,47,95,49,185,185,185,185,185,185,291,291,424,424,424,93,pase,,,,
609,39,79,40,154,154,154,154,154,154,217,217,323,323,323,77,pase,,,,
610,24,48,25,132,132,132,132,132,132,222,222,334,334,334,67,pase,,,,
611,16,32,17,79,79,79,79,79,79,148,148,212,212,212,40,pase,,,,
612,16,32,16,58,58,58,58,58,58,74,74,111,111,111,30,pase,,,,
613,8,16,8,21,21,21,21,21,21,69,69,79,79,79,11,pase,,,,
614,190,381,195,720,720,720,720,720,720,1080,1080,1599,1599,1599,363,pase,,,,
615,135,270,139,540,540,540,540,540,540,800,800,1207,1207,1207,272,pase,,,,
616,111,222,113,397,397,397,397,397,397,635,635,969,969,969,199,pase,,,,
617,111,222,114,471,471,471,471,471,471,683,683,1054,1054,1054,237,pase,,,,
618,95,191,97,344,344,344,344,344,344,545,545,816,816,816,173,pase,,,,
619,92,185,95,381,381,381,381,381,381,556,556,868,868,868,192,pase,,,,
620,74,148,76,328,328,328,328,328,328,466,466,725,725,725,165,pase,,,,
621,55,111,57,207,207,207,207,207,207,360,360,503,503,503,104,pase,,,,
622,55,111,57,207,207,207,207,207,207,360,360,503,503,503,104,pase,,,,
623,47,95,49,175,175,175,175,175,175,286,286,402,402,402,88,pase,,,,
624,45,90,47,212,212,212,212,212,212,291,291,471,471,471,107,pase,,,,
625,24,48,24,79,79,79,79,79,79,143,143,191,191,191,40,pase,,,,
626,16,32,17,111,111,111,111,111,111,154,154,254,254,254,56,pase,,,,
627,8,16,8,58,58,58,58,58,58,79,79,132,132,132,30,pase,,,,
628,8,16,8,21,21,21,21,21,21,69,69,79,79,79,11,pase,,,,
629,175,350,178,609,609,609,609,609,609,927,927,1345,1345,1345,307,pase,,,,
630,127,254,130,508,508,508,508,508,508,789,789,1223,1223,1223,255,pase,,,,
631,119,238,122,429,429,429,429,429,429,646,646,953,953,953,216,pase,,,,
632,111,222,114,455,455,455,455,455,455,699,699,1070,1070,1070,229,pase,,,,
633,95,191,97,360,360,360,360,360,360,530,530,800,800,800,181,pase,,,,
634,77,154,78,270,270,270,270,270,270,402,402,614,614,614,136,pase,,,,
635,71,143,74,318,318,318,318,318,318,514,514,757,757,757,160,pase,,,,
636,71,143,74,318,318,318,318,318,318,514,514,757,757,757,160,pase,,,,
637,63,127,66,286,286,286,286,286,286,440,440,657,657,657,144,pase,,,,
638,58,117,59,217,217,217,217,217,217,312,312,471,471,471,109,pase,,,,
639,39,79,41,191,191,191,191,191,191,297,297,445,445,445,96,pase,,,,
640,29,58,30,101,101,101,101,101,101,138,138,217,217,217,51,pase,,,,
641,24,48,25,132,132,132,132,132,132,222,222,334,334,334,67,pase,,,,
642,16,32,17,111,111,111,111,111,111,154,154,254,254,254,56,pase,,,,
643,8,16,8,53,53,53,53,53,53,74,74,122,122,122,26,pase,,,,
644,156,312,160,609,609,609,609,609,609,927,927,1440,1440,1440,306,pase,,,,
645,145,291,148,508,508,508,508,508,508,789,789,1128,1128,1128,256,pase,,,,
646,140,281,144,556,556,556,556,556,556,837,837,1287,1287,1287,280,pase,,,,
647,100,201,104,418,418,418,418,418,418,651,651,974,974,974,211,pase,,,,
648,100,201,104,418,418,418,418,418,418,651,651,974,974,974,211,pase,,,,
649,92,185,95,387,387,387,387,387,387,577,577,874,874,874,195,pase,,,,
650,90,180,92,328,328,328,328,328,328,508,508,736,736,736,165,pase,,,,
651,69,138,71,291,291,291,291,291,291,434,434,662,662,662,147,pase,,,,
652,66,132,68,259,259,259,259,259,259,392,392,583,583,583,130,pase,,,,
653,53,106,55,233,233,233,233,233,233,360,360,551,551,551,118,pase,,,,
654,47,95,49,169,169,169,169,169,169,265,265,397,397,397,85,pase,,,,
655,45,90,47,212,212,212,212,212,212,291,291,471,471,471,107,pase,,,,
656,37,74,38,154,154,154,154,154,154,212,212,339,339,339,77,pase,,,,
657,29,58,30,101,101,101,101,101,101,138,138,217,217,217,51,pase,,,,
658,29,58,30,117,117,117,117,117,117,175,175,254,254,254,58,pase,,,,
659,185,371,190,725,725,725,725,725,725,1101,1101,1695,1695,1695,364,pase,,,,
660,169,339,174,673,673,673,673,673,673,1011,1011,1541,1541,1541,338,pase,,,,
661,129,259,133,535,535,535,535,535,535,826,826,1229,1229,1229,269,pase,,,,
662,129,259,133,535,535,535,535,535,535,826,826,1229,1229,1229,269,pase,,,,
663,122,244,125,503,503,503,503,503,503,752,752,1128,1128,1128,253,pase,,,,
664,116,233,119,392,392,392,392,392,392,614,614,874,874,874,198,pase,,,,
665,98,196,101,408,408,408,408,408,408,609,609,916,916,916,205,pase,,,,
666,82,164,85,350,350,350,350,350,350,535,535,805,805,805,176,pase,,,,
667,74,148,76,328,328,328,328,328,328,466,466,725,725,725,165,pase,,,,
668,66,132,68,270,270,270,270,270,270,387,387,593,593,593,136,pase,,,,
669,61,122,62,212,212,212,212,212,212,334,334,482,482,482,107,pase,,,,
670,58,117,59,217,217,217,217,217,217,312,312,471,471,471,109,pase,,,,
671,37,74,38,143,143,143,143,143,143,217,217,328,328,328,72,pase,,,,
672,29,58,30,117,117,117,117,117,117,175,175,254,254,254,58,pase,,,,
673,18,37,19,53,53,53,53,53,53,90,90,143,143,143,26,pase,,,,
674,204,408,209,778,778,778,778,778,778,1191,1191,1838,1838,1838,391,pase,,,,
675,188,376,193,725,725,725,725,725,725,1101,1101,1684,1684,1684,364,pase,,,,
676,148,297,153,588,588,588,588,588,588,916,916,1372,1372,1372,295,pase,,,,
677,148,297,153,588,588,588,588,588,588,916,916,1372,1372,1372,295,pase,,,,
678,140,281,144,556,556,556,556,556,556,842,842,1271,1271,1271,280,pase,,,,
679,116,233,120,461,461,461,461,461,461,699,699,1059,1059,1059,232,pase,,,,
680,100,201,104,402,402,402,402,402,402,625,625,948,948,948,202,pase,,,,
681,98,196,100,339,339,339,339,339,339,524,524,731,731,731,172,pase,,,,
682,92,185,95,381,381,381,381,381,381,556,556,868,868,868,192,pase,,,,
683,84,169,87,323,323,323,323,323,323,477,477,736,736,736,162,pase,,,,
684,77,154,78,270,270,270,270,270,270,402,402,614,614,614,136,pase,,,,
685,47,95,49,169,169,169,169,169,169,265,265,397,397,397,85,pase,,,,
686,42,85,43,159,159,159,159,159,159,244,244,339,339,339,80,pase,,,,
687,18,37,19,90,90,90,90,90,90,127,127,185,185,185,46,pase,,,,
688,18,37,19,53,53,53,53,53,53,90,90,143,143,143,26,pase,,,,
689,222,445,228,868,868,868,868,868,868,1319,1319,2023,2023,2023,436,pase,,,,
690,206,413,212,816,816,816,816,816,816,1229,1229,1869,1869,1869,410,pase,,,,
691,167,334,172,678,678,678,678,678,678,1043,1043,1557,1557,1557,341,pase,,,,
692,167,334,172,678,678,678,678,678,678,1043,1043,1557,1557,1557,341,pase,,,,
693,159,318,163,646,646,646,646,646,646,969,969,1456,1456,1456,325,pase,,,,
694,135,270,139,551,551,551,551,551,551,826,826,1244,1244,1244,277,pase,,,,
695,119,238,123,492,492,492,492,492,492,752,752,1133,1133,1133,248,pase,,,,
696,111,222,114,471,471,471,471,471,471,683,683,1054,1054,1054,237,pase,,,,
697,103,207,106,413,413,413,413,413,413,604,604,921,921,921,208,pase,,,,
698,95,191,97,360,360,360,360,360,360,530,530,800,800,800,181,pase,,,,
699,79,159,80,249,249,249,249,249,249,397,397,545,545,545,126,pase,,,,
700,66,132,68,259,259,259,259,259,259,392,392,583,583,583,130,pase,,,,
701,37,74,38,143,143,143,143,143,143,217,217,328,328,328,72,pase,,,,
702,24,48,24,69,69,69,69,69,69,117,117,154,154,154,35,pase,,,,
703,18,37,19,90,90,90,90,90,90,127,127,185,185,185,46,pase,,,,
704,246,492,252,937,937,937,937,937,937,1435,1435,2176,2176,2176,471,pase,,,,
705,230,461,236,884,884,884,884,884,884,1345,1345,2023,2023,2023,445,pase,,,,
706,190,381,196,747,747,747,747,747,747,1160,1160,1710,1710,1710,376,pase,,,,
707,190,381,196,747,747,747,747,747,747,1160,1160,1710,1710,1710,376,pase,,,,
708,182,365,187,715,715,715,715,715,715,1086,1086,1610,1610,1610,360,pase,,,,
709,159,318,163,620,620,620,620,620,620,943,943,1398,1398,1398,312,pase,,,,
710,143,286,147,561,561,561,561,561,561,868,868,1287,1287,1287,283,pase,,,,
711,135,270,139,540,540,540,540,540,540,800,800,1207,1207,1207,272,pase,,,,
712,127,254,130,482,482,482,482,482,482,720,720,1075,1075,1075,243,pase,,,,
713,119,238,122,429,429,429,429,429,429,646,646,953,953,953,216,pase,,,,
714,90,180,92,328,328,328,328,328,328,508,508,736,736,736,165,pase,,,,
715,61,122,62,212,212,212,212,212,212,334,334,482,482,482,107,pase,,,,
716,55,111,56,180,180,180,180,180,180,281,281,392,392,392,91,pase,,,,
717,42,85,43,159,159,159,159,159,159,244,244,339,339,339,80,pase,,,,
718,24,48,24,69,69,69,69,69,69,117,117,154,154,154,35,pase,,,,
719,302,604,308,1117,1117,1117,1117,1117,1117,1716,1716,2568,2568,2568,562,pase,,,,
720,286,572,292,1064,1064,1064,1064,1064,1064,1626,1626,2415,2415,2415,536,pase,,,,
721,246,492,252,927,927,927,927,927,927,1440,1440,2102,2102,2102,467,pase,,,,
722,246,492,252,927,927,927,927,927,927,1440,1440,2102,2102,2102,467,pase,,,,
723,238,477,244,895,895,895,895,895,895,1366,1366,2002,2002,2002,451,pase,,,,
724,214,429,219,800,800,800,800,800,800,1223,1223,1790,1790,1790,404,pase,,,,
725,198,397,203,741,741,741,741,741,741,1149,1149,1679,1679,1679,374,pase,,,,
726,190,381,195,720,720,720,720,720,720,1080,1080,1599,1599,1599,363,pase,,,,
727,175,350,178,609,609,609,609,609,609,927,927,1345,1345,1345,307,pase,,,,
728,182,365,186,662,662,662,662,662,662,1001,1001,1467,1467,1467,334,pase,,,,
729,145,291,148,508,508,508,508,508,508,789,789,1128,1128,1128,256,pase,,,,
730,116,233,119,392,392,392,392,392,392,614,614,874,874,874,198,pase,,,,
731,98,196,100,339,339,339,339,339,339,524,524,731,731,731,172,pase,,,,
732,79,159,80,249,249,249,249,249,249,397,397,545,545,545,126,pase,,,,
733,55,111,56,180,180,180,180,180,180,281,281,392,392,392,91,pase,,,,
734,8,16,8,26,26,26,26,26,26,64,64,74,74,74,14,pase,,,,
735,182,365,186,662,662,662,662,662,662,1001,1001,1467,1467,1467,334,pase,,,,
736,127,254,130,482,482,482,482,482,482,720,720,1075,1075,1075,243,pase,,,,
737,119,238,122,455,455,455,455,455,455,715,715,1101,1101,1101,229,pase,,,,
738,103,207,106,402,402,402,402,402,402,625,625,948,948,948,202,pase,,,,
739,103,207,106,413,413,413,413,413,413,604,604,921,921,921,208,pase,,,,
740,84,169,87,323,323,323,323,323,323,477,477,736,736,736,162,pase,,,,
741,66,132,68,270,270,270,270,270,270,387,387,593,593,593,136,pase,,,,
742,63,127,66,265,265,265,265,265,265,440,440,635,635,635,133,pase,,,,
743,63,127,66,265,265,265,265,265,265,440,440,635,635,635,133,pase,,,,
744,55,111,57,233,233,233,233,233,233,365,365,535,535,535,118,pase,,,,
745,37,74,38,154,154,154,154,154,154,212,212,339,339,339,77,pase,,,,
746,32,64,33,138,138,138,138,138,138,222,222,323,323,323,70,pase,,,,
747,16,32,17,79,79,79,79,79,79,148,148,212,212,212,40,pase,,,,
748,8,16,8,53,53,53,53,53,53,74,74,122,122,122,26,pase,,,,
749,8,16,8,58,58,58,58,58,58,79,79,132,132,132,30,pase,,,,
750,80,160,80,237,237,237,308,308,308,442,442,566,566,566,119,pase,,,,
751,47,93,44,138,138,138,179,179,179,256,256,328,328,328,69,pase,,,,
752,33,67,34,100,100,100,100,129,129,185,185,237,237,237,50,pase,,,,
753,29,58,29,83,83,83,107,107,107,150,150,194,194,194,41,pase,,,,
754,27,54,26,80,80,80,104,104,104,149,149,191,191,191,40,pase,,,,
755,11,22,10,29,29,29,41,41,41,58,58,68,68,68,15,pase,,,,
756,26,52,26,79,79,79,104,104,104,252,252,252,252,252,70,pase,,,,
757,63,126,63,189,189,189,338,338,338,607,607,607,607,607,169,pase,,,,
758,97,194,97,292,292,292,522,522,522,938,938,938,938,938,261,pase,,,,
759,37,74,37,111,111,111,198,198,198,355,355,355,355,355,99,pase,,,,
760,71,142,71,214,214,214,382,382,382,686,686,686,686,686,191,pase,,,,
761,26,52,26,79,79,79,140,140,140,252,252,252,252,252,70,pase,,,,
762,34,68,34,103,103,103,184,184,184,331,331,331,331,331,92,pase,,,,
763,37,74,37,111,111,111,198,198,198,355,355,355,355,355,99,pase,,,,
764,63,126,63,189,189,189,338,338,338,607,607,607,607,607,169,pase,,,,
765,34,68,34,103,103,103,184,184,184,331,331,331,331,331,92,pase,,,,
766,71,142,71,214,214,214,382,382,382,686,686,686,686,686,191,pase,,,,
767,97,194,97,292,292,292,522,522,522,938,938,938,938,938,261,pase,,,,
768,24,49,25,104,104,104,103,103,164,164,164,164,164,164,52,pase,,,,
769,56,113,57,230,230,230,226,226,364,364,364,364,364,364,113,pase,,,,
770,44,89,45,176,176,176,174,174,279,279,279,279,279,279,87,pase,,,,
771,47,95,48,194,194,194,190,190,305,305,305,305,305,305,95,pase,,,,
772,25,51,26,106,106,106,105,105,167,167,167,167,167,167,53,pase,,,,
773,28,57,29,114,114,114,111,111,179,179,179,179,179,179,56,pase,,,,
774,41,82,41,167,167,167,164,164,265,265,265,265,265,265,82,pase,,,,
775,60,120,60,246,246,246,241,241,387,387,387,387,387,387,121,pase,,,,
776,36,73,37,152,152,152,150,150,240,240,240,240,240,240,75,pase,,,,
777,33,66,33,137,137,137,134,134,215,215,215,215,215,215,67,pase,,,,
778,60,120,60,246,246,246,241,241,387,387,387,387,387,387,121,pase,,,,
779,60,120,60,246,246,246,241,241,387,387,387,387,387,387,121,pase,,,,
780,56,113,57,230,230,230,226,226,364,364,364,364,364,364,113,pase,,,,
781,47,95,48,194,194,194,190,190,305,305,305,305,305,305,95,pase,,,,
782,31,63,31,110,110,110,110,110,110,162,162,209,209,209,57,pase,,,,
783,91,183,91,304,304,304,304,304,304,387,387,524,524,524,157,pase,,,,
784,52,105,52,141,141,141,141,141,141,178,178,272,272,272,70,pase,,,,
785,31,63,31,79,79,79,79,79,79,94,94,136,136,136,40,pase,,,,
786,56,113,57,168,168,168,168,168,168,209,209,314,314,314,82,pase,,,,
787,31,63,31,73,73,73,73,73,73,92,92,136,136,136,37,pase,,,,
788,39,79,39,96,96,96,96,96,96,115,115,188,188,188,47,pase,,,,
789,43,86,43,214,214,214,214,214,214,342,342,385,385,385,107,pase,,,,
790,29,58,29,145,145,145,145,145,145,232,232,261,261,261,73,pase,,,,
791,12,24,12,61,61,61,61,61,61,98,98,110,110,110,31,pase,,,,
792,43,86,43,214,214,214,214,214,214,342,342,385,385,385,108,pase,,,,
793,12,25,12,62,62,62,62,62,62,98,98,111,111,111,31,pase,,,,
794,24,49,24,122,122,122,122,122,122,195,195,220,220,220,61,pase,,,,
795,25,49,25,123,123,123,123,123,123,196,196,221,221,221,62,pase,,,,
796,11,22,11,54,54,54,54,54,54,86,86,97,97,97,27,pase,,,,
797,28,57,28,143,143,143,143,143,143,228,228,256,256,256,72,pase,,,,
798,10,20,10,51,51,51,51,51,51,81,81,91,91,91,25,pase,,,,
799,88,178,90,383,383,383,383,383,469,636,705,950,950,950,191,pase,,,,
800,65,131,66,293,293,293,293,293,293,460,460,705,705,705,146,pase,,,,
801,61,123,61,275,275,275,275,275,275,432,432,663,663,663,138,pase,,,,
802,45,91,46,204,204,204,204,204,204,320,320,491,491,491,102,pase,,,,
803,31,62,31,141,141,141,141,141,141,220,220,339,339,339,70,pase,,,,
804,12,25,13,56,56,56,56,56,56,88,88,135,135,135,28,pase,,,,
805,88,178,90,383,383,383,383,383,469,636,705,950,950,950,191,pase,,,,
806,76,153,77,327,327,327,327,327,413,549,618,816,816,816,164,pase,,,,
807,57,115,58,243,243,243,243,243,329,415,484,611,611,611,121,pase,,,,
808,43,87,44,179,179,179,179,179,265,316,385,459,459,459,89,pase,,,,
809,27,55,28,108,108,108,108,108,194,204,273,287,287,287,53,pase,,,,
810,61,123,61,275,275,275,275,275,275,432,432,663,663,663,138,pase,,,,
811,49,98,49,219,219,219,219,219,219,344,344,528,528,528,109,pase,,,,
812,30,60,30,135,135,135,135,135,135,212,212,324,324,324,67,pase,,,,
813,27,55,28,108,108,108,108,108,194,204,273,287,287,287,53,pase,,,,
814,16,32,16,71,71,71,71,71,71,111,111,171,171,171,35,pase,,,,
815,4,8,4,18,18,18,18,18,18,28,28,42,42,42,8,pase,,,,
816,45,91,46,204,204,204,204,204,204,320,320,491,491,491,102,pase,,,,
817,43,87,44,179,179,179,179,179,265,316,385,459,459,459,89,pase,,,,
818,33,67,33,148,148,148,148,148,148,233,233,357,357,357,74,pase,,,,
819,20,40,20,89,89,89,89,89,89,140,140,214,214,214,44,pase,,,,
820,16,32,16,71,71,71,71,71,71,111,111,171,171,171,35,pase,,,,
821,14,29,14,64,64,64,64,64,64,100,100,154,154,154,32,pase,,,,
822,57,115,58,243,243,243,243,243,329,415,484,611,611,611,121,pase,,,,
823,19,38,19,85,85,85,85,85,85,133,133,204,204,204,42,pase,,,,
824,34,68,34,153,153,153,153,153,153,239,239,366,366,366,76,pase,,,,
825,31,62,31,141,141,141,141,141,141,220,220,339,339,339,70,pase,,,,
826,30,60,30,135,135,135,135,135,135,212,212,324,324,324,67,pase,,,,
827,14,29,14,64,64,64,64,64,64,100,100,154,154,154,32,pase,,,,
828,76,153,77,327,327,327,327,327,413,549,618,816,816,816,164,pase,,,,
829,53,106,53,237,237,237,237,237,237,373,373,571,571,571,119,pase,,,,
830,49,98,49,219,219,219,219,219,219,344,344,528,528,528,109,pase,,,,
831,33,67,33,148,148,148,148,148,148,233,233,357,357,357,74,pase,,,,
832,19,38,19,85,85,85,85,85,85,133,133,204,204,204,42,pase,,,,
833,12,25,13,56,56,56,56,56,56,88,88,135,135,135,28,pase,,,,
834,51,103,46,254,254,254,254,254,254,305,305,435,435,435,127,pase,,,,
835,27,54,25,135,135,135,135,135,135,162,162,231,231,231,68,pase,,,,
836,24,49,22,121,121,121,121,121,121,145,145,206,206,206,60,pase,,,,
837,34,68,31,168,168,168,168,168,168,202,202,288,288,288,84,pase,,,,
838,10,20,9,49,49,49,49,49,49,58,58,83,83,83,24,pase,,,,
839,3,6,3,14,14,14,14,14,14,17,17,25,25,25,7,pase,,,,
840,27,54,24,134,134,134,134,134,134,161,161,229,229,229,67,pase,,,,
841,29,59,27,146,146,146,146,146,146,175,175,250,250,250,73,pase,,,,
842,56,113,51,281,281,281,281,281,281,337,337,481,481,481,140,pase,,,,
843,39,79,35,195,195,195,195,195,195,234,234,333,333,333,97,pase,,,,
844,32,65,29,161,161,161,161,161,161,193,193,275,275,275,80,pase,,,,
845,10,21,9,52,52,52,52,52,52,63,63,89,89,89,26,pase,,,,
846,5,11,5,27,27,27,27,27,27,32,32,46,46,46,13,pase,,,,
847,5,10,5,26,26,26,26,26,26,31,31,44,44,44,13,pase,,,,
848,45,90,97,154,154,154,154,154,154,163,163,163,163,163,97,pase,,,,
849,6,12,6,24,24,24,24,24,24,27,27,27,27,27,6,pase,,,,
850,94,187,97,330,330,330,330,330,330,358,358,358,358,358,97,pase,,,,
851,8,16,8,28,28,28,28,28,28,30,30,30,30,30,8,pase,,,,
852,10,19,9,33,33,33,33,33,33,37,37,37,37,37,9,pase,,,,
853,45,90,97,154,154,154,154,154,154,163,163,163,163,163,97,pase,,,,
854,53,105,97,178,178,178,178,178,178,190,190,190,190,190,97,pase,,,,
855,68,135,97,247,247,247,247,247,247,272,272,272,272,272,97,pase,,,,
856,37,73,97,124,124,124,124,124,124,133,133,133,133,133,97,pase,,,,
857,6,12,6,24,24,24,24,24,24,27,27,27,27,27,6,pase,,,,
858,53,105,97,178,178,178,178,178,178,190,190,190,190,190,97,pase,,,,
859,101,201,97,355,355,355,355,355,355,382,382,382,382,382,97,pase,,,,
860,15,30,17,62,62,62,62,62,62,66,66,66,66,66,17,pase,,,,
861,94,187,97,330,330,330,330,330,330,358,358,358,358,358,97,pase,,,,
862,68,135,97,247,247,247,247,247,247,272,272,272,272,272,97,pase,,,,
863,101,201,97,355,355,355,355,355,355,382,382,382,382,382,97,pase,,,,
864,86,171,97,304,304,304,304,304,304,327,327,327,327,327,97,pase,,,,
865,94,187,97,330,330,330,330,330,330,358,358,358,358,358,97,pase,,,,
866,43,86,97,142,142,142,142,142,142,151,151,151,151,151,97,pase,,,,
867,8,16,8,28,28,28,28,28,28,30,30,30,30,30,8,pase,,,,
868,37,73,97,124,124,124,124,124,124,133,133,133,133,133,97,pase,,,,
869,15,30,17,62,62,62,62,62,62,66,66,66,66,66,17,pase,,,,
870,86,171,97,304,304,304,304,304,304,327,327,327,327,327,97,pase,,,,
871,118,237,117,452,452,452,452,643,643,985,985,1312,1312,1312,226,pase,,,,
872,118,237,117,452,452,452,452,643,643,985,985,1312,1312,1312,226,pase,,,,
873,68,136,69,247,247,247,247,361,361,532,532,723,723,723,121,pase,,,,
874,68,136,69,247,247,247,247,361,361,532,532,723,723,723,121,pase,,,,
875,50,100,49,205,205,205,205,282,282,452,452,589,589,589,104,pase,,,,
876,50,100,49,205,205,205,205,282,282,452,452,589,589,589,104,pase,,,,
877,17,35,19,39,39,39,39,75,75,76,76,127,127,127,16,pase,,,,
878,204,408,203,753,753,753,753,1082,1082,1682,1682,2236,2236,2236,378,pase,,,,
879,204,408,203,753,753,753,753,1082,1082,1682,1682,2236,2236,2236,378,pase,,,,
880,170,340,169,633,633,633,633,910,910,1409,1409,1874,1874,1874,317,pase,,,,
881,170,340,169,633,633,633,633,910,910,1409,1409,1874,1874,1874,317,pase,,,,
882,151,303,153,563,563,563,563,808,808,1251,1251,1663,1663,1663,282,pase,,,,
883,151,303,153,563,563,563,563,808,808,1251,1251,1663,1663,1663,282,pase,,,,
884,124,249,124,462,462,462,462,664,664,1031,1031,1370,1370,1370,231,pase,,,,
885,124,249,124,462,462,462,462,664,664,1031,1031,1370,1370,1370,231,pase,,,,
886,106,212,107,392,392,392,392,563,563,873,873,1160,1160,1160,196,pase,,,,
887,106,212,107,392,392,392,392,563,563,873,873,1160,1160,1160,196,pase,,,,
888,72,144,73,271,271,271,271,389,389,599,599,798,798,798,135,pase,,,,
889,72,144,73,271,271,271,271,389,389,599,599,798,798,798,135,pase,,,,
890,13,27,14,51,51,51,51,72,72,110,110,147,147,147,24,pase,,,,
891,76,151,75,273,362,435,271,360,433,614,676,858,947,997,128,pase,,,,
892,48,96,48,168,210,245,166,208,243,349,379,485,528,551,80,pase,,,,
893,36,72,36,122,144,162,120,142,160,234,249,323,345,358,59,pase,,,,
894,36,72,36,122,144,162,120,142,160,234,249,323,345,358,59,pase,,,,
895,23,46,23,73,73,73,71,71,71,110,110,149,149,149,36,pase,,,,
896,21,42,23,93,93,93,98,98,98,151,151,215,215,215,15,pase,,,,
897,17,34,17,51,51,51,47,47,47,74,74,96,96,96,24,pase,,,,
898,17,34,17,46,46,46,47,47,47,69,69,101,101,101,24,pase,,,,
899,10,20,10,41,41,41,40,40,40,59,59,76,76,76,20,pase,,,,
900,4,9,5,21,21,21,25,25,25,31,31,36,36,36,13,pase,,,,
901,4,8,4,17,17,17,14,14,14,29,29,33,33,33,7,pase,,,,
902,86,171,85,316,405,478,309,398,471,671,733,917,1006,1056,147,pase,,,,
903,58,116,58,211,253,288,204,246,281,406,436,544,587,610,99,pase,,,,
904,48,96,50,184,184,184,177,177,177,282,282,377,377,377,55,pase,,,,
905,46,92,46,165,187,205,158,180,198,291,306,382,404,417,78,pase,,,,
906,46,92,46,165,187,205,158,180,198,291,306,382,404,417,78,pase,,,,
907,33,66,33,116,116,116,109,109,109,167,167,208,208,208,55,pase,,,,
908,33,66,33,116,116,116,109,109,109,167,167,207,207,207,55,pase,,,,
909,29,58,29,101,101,101,98,98,98,141,141,184,184,184,49,pase,,,,
910,28,57,29,90,90,90,96,96,96,136,136,177,177,177,48,pase,,,,
911,17,34,17,58,58,58,58,58,58,91,91,114,114,114,29,pase,,,,
912,10,20,10,41,41,41,40,40,40,59,59,76,76,76,20,pase,,,,
913,4,8,4,17,17,17,14,14,14,34,34,41,41,41,7,pase,,,,
914,82,163,81,297,386,459,297,386,459,644,706,888,977,1027,141,pase,,,,
915,54,108,54,192,234,269,192,234,269,379,409,515,558,581,93,pase,,,,
916,42,84,42,146,168,186,146,168,186,264,279,353,375,388,72,pase,,,,
917,42,84,42,146,168,186,146,168,186,264,279,353,375,388,72,pase,,,,
918,33,66,33,116,116,116,109,109,109,167,167,207,207,207,55,pase,,,,
919,33,66,33,116,116,116,109,109,109,167,167,207,207,207,55,pase,,,,
920,29,58,29,97,97,97,97,97,97,140,140,179,179,179,49,pase,,,,
921,22,44,22,69,69,69,71,71,71,101,101,136,136,136,36,pase,,,,
922,21,42,21,71,71,71,69,69,69,103,103,137,137,137,35,pase,,,,
923,16,33,19,74,74,74,74,74,74,125,125,183,183,183,3,pase,,,,
924,10,21,11,41,41,41,42,42,42,58,58,72,72,72,21,pase,,,,
925,4,9,5,21,21,21,25,25,25,31,31,36,36,36,13,pase,,,,
926,4,8,4,17,17,17,14,14,14,34,34,41,41,41,7,pase,,,,
927,98,195,99,369,458,531,366,455,528,761,823,1063,1152,1202,141,pase,,,,
928,70,140,72,264,306,341,261,303,338,496,526,690,733,756,93,pase,,,,
929,58,116,60,218,240,258,215,237,255,381,396,528,550,563,72,pase,,,,
930,58,116,60,218,240,258,215,237,255,381,396,528,550,563,72,pase,,,,
931,45,90,47,169,169,169,166,166,166,257,257,354,354,354,49,pase,,,,
932,38,77,41,150,150,150,145,145,145,230,230,327,327,327,39,pase,,,,
933,38,77,41,141,141,141,145,145,145,222,222,315,315,315,39,pase,,,,
934,27,54,29,111,111,111,111,111,111,176,176,252,252,252,22,pase,,,,
935,21,42,23,93,93,93,98,98,98,151,151,215,215,215,15,pase,,,,
936,16,33,19,74,74,74,74,74,74,125,125,183,183,183,3,pase,,,,
937,15,30,17,68,68,68,68,68,68,115,115,170,170,170,,pase,,,,
938,70,139,69,254,343,416,251,340,413,578,640,816,905,955,118,pase,,,,
939,42,84,42,149,191,226,146,188,223,313,343,443,486,509,70,pase,,,,
940,30,60,30,103,125,143,100,122,140,198,213,281,303,316,49,pase,,,,
941,30,60,30,103,125,143,100,122,140,198,213,281,303,316,49,pase,,,,
942,27,54,29,111,111,111,111,111,111,176,176,252,252,252,22,pase,,,,
943,17,34,17,54,54,54,51,51,51,74,74,107,107,107,26,pase,,,,
944,17,34,17,58,58,58,58,58,58,91,91,114,114,114,29,pase,,,,
945,10,21,11,41,41,41,42,42,42,58,58,72,72,72,21,pase,,,,
946,10,20,10,31,31,31,34,34,34,41,41,58,58,58,17,pase,,,,
947,8,17,9,35,35,35,34,34,34,47,47,64,64,64,17,pase,,,,
948,4,8,4,17,17,17,14,14,14,29,29,33,33,33,7,pase,,,,
949,73,145,72,265,354,427,264,353,426,601,663,838,927,977,124,pase,,,,
950,45,90,45,160,202,237,159,201,236,336,366,465,508,531,76,pase,,,,
951,38,77,41,150,150,150,145,145,145,230,230,327,327,327,39,pase,,,,
952,33,66,33,114,136,154,113,135,153,221,236,303,325,338,55,pase,,,,
953,33,66,33,114,136,154,113,135,153,221,236,303,325,338,55,pase,,,,
954,29,58,29,101,101,101,98,98,98,141,141,184,184,184,49,pase,,,,
955,21,42,21,71,71,71,69,69,69,103,103,137,137,137,35,pase,,,,
956,20,40,20,65,65,65,64,64,64,97,97,129,129,129,32,pase,,,,
957,17,34,17,51,51,51,47,47,47,74,74,96,96,96,24,pase,,,,
958,10,20,10,40,40,40,39,39,39,55,55,62,62,62,20,pase,,,,
959,8,17,9,35,35,35,34,34,34,47,47,64,64,64,17,pase,,,,
960,59,117,58,225,314,387,220,309,382,540,602,755,844,894,102,pase,,,,
961,38,77,41,141,141,141,145,145,145,222,222,315,315,315,39,pase,,,,
962,31,62,31,120,162,197,115,157,192,275,305,382,425,448,54,pase,,,,
963,28,57,29,90,90,90,96,96,96,136,136,177,177,177,,pase,,,,
964,22,44,22,69,69,69,71,71,71,101,101,136,136,136,36,pase,,,,
965,19,38,19,74,96,114,69,91,109,160,175,220,242,255,33,pase,,,,
966,19,38,19,74,96,114,69,91,109,160,175,220,242,255,33,pase,,,,
967,17,34,17,46,46,46,47,47,47,69,69,101,101,101,24,pase,,,,
968,10,20,10,40,40,40,39,39,39,55,55,62,62,62,20,pase,,,,
969,10,20,10,31,31,31,34,34,34,41,41,58,58,58,17,pase,,,,
970,6,12,6,25,25,25,20,20,20,36,36,46,46,46,10,pase,,,,
971,40,80,42,155,155,155,155,155,155,234,234,332,332,332,44,pase,,,,
972,29,59,30,104,104,104,103,103,103,151,151,199,199,199,52,pase,,,,
973,24,49,25,85,85,85,85,85,85,119,119,160,160,160,43,pase,,,,
974,20,40,20,60,60,60,58,58,58,91,91,118,118,118,29,pase,,,,
975,17,34,17,51,51,51,50,50,50,74,74,103,103,103,25,pase,,,,
976,12,25,13,44,44,44,42,42,42,59,59,82,82,82,21,pase,,,,
977,2,5,3,14,14,14,10,10,10,19,19,23,23,23,5,pase,,,,
978,45,90,47,169,169,169,166,166,166,257,257,354,354,354,49,pase,,,,
979,33,66,33,116,116,116,109,109,109,167,167,208,208,208,55,pase,,,,
980,29,58,29,97,97,97,97,97,97,140,140,179,179,179,49,pase,,,,
981,23,46,23,73,73,73,71,71,71,110,110,149,149,149,36,pase,,,,
982,20,40,20,65,65,65,64,64,64,97,97,129,129,129,32,pase,,,,
983,17,34,17,54,54,54,51,51,51,74,74,107,107,107,26,pase,,,,
984,6,12,6,25,25,25,20,20,20,36,36,46,46,46,10,pase,,,,
985,3,6,3,10,10,10,10,10,10,15,15,21,21,21,5,pase,,,,
986,53,105,52,200,289,362,200,289,362,504,566,709,798,848,92,pase,,,,
987,25,50,25,95,137,172,95,137,172,239,269,336,379,402,44,pase,,,,
988,13,26,13,49,71,89,49,71,89,124,139,174,196,209,23,pase,,,,
989,13,26,13,49,71,89,49,71,89,124,139,174,196,209,23,pase,,,,
990,58,116,60,218,240,258,215,237,255,381,396,528,550,563,72,pase,,,,
991,46,92,46,165,187,205,158,180,198,291,306,382,404,417,78,pase,,,,
992,42,84,42,146,168,186,146,168,186,264,279,353,375,388,72,pase,,,,
993,40,79,39,151,218,273,151,218,273,380,427,535,602,639,69,pase,,,,
994,36,72,36,122,144,162,120,142,160,234,249,323,345,358,59,pase,,,,
995,33,66,33,114,136,154,113,135,153,221,236,303,325,338,55,pase,,,,
996,30,60,30,103,125,143,100,122,140,198,213,281,303,316,49,pase,,,,
997,19,38,19,74,96,114,69,91,109,160,175,220,242,255,33,pase,,,,
998,16,32,16,59,81,99,59,81,99,139,154,195,217,230,28,pase,,,,
999,13,26,13,49,71,89,49,71,89,124,139,174,196,209,23,pase,,,,
1000,12,24,12,46,66,83,46,66,83,115,130,162,183,193,21,pase,,,,
1001,58,116,60,218,240,258,215,237,255,381,396,528,550,563,72,pase,,,,
1002,46,92,46,165,187,205,158,180,198,291,306,382,404,417,78,pase,,,,
1003,42,84,42,146,168,186,146,168,186,264,279,353,375,388,72,pase,,,,
1004,40,79,39,151,218,273,151,218,273,380,427,535,602,639,69,pase,,,,
1005,36,72,36,122,144,162,120,142,160,234,249,323,345,358,59,pase,,,,
1006,33,66,33,114,136,154,113,135,153,221,236,303,325,338,55,pase,,,,
1007,30,60,30,103,125,143,100,122,140,198,213,281,303,316,49,pase,,,,
1008,19,38,19,74,96,114,69,91,109,160,175,220,242,255,33,pase,,,,
1009,16,32,16,59,81,99,59,81,99,139,154,195,217,230,28,pase,,,,
1010,13,26,13,49,71,89,49,71,89,124,139,174,196,209,23,pase,,,,
1011,12,24,12,46,66,83,46,66,83,115,130,162,183,193,21,pase,,,,
1012,70,140,72,264,306,341,261,303,338,496,526,690,733,756,93,pase,,,,
1013,58,116,58,211,253,288,204,246,281,406,436,544,587,610,99,pase,,,,
1014,54,108,54,192,234,269,192,234,269,379,409,515,558,581,93,pase,,,,
1015,48,96,48,168,210,245,166,208,243,349,379,485,528,551,80,pase,,,,
1016,45,90,45,160,202,237,159,201,236,336,366,465,508,531,76,pase,,,,
1017,42,84,42,149,191,226,146,188,223,313,343,443,486,509,70,pase,,,,
1018,31,62,31,120,162,197,115,157,192,275,305,382,425,448,54,pase,,,,
1019,28,56,28,105,147,182,105,147,182,254,284,357,400,423,49,pase,,,,
1020,28,55,27,105,152,190,105,152,190,265,297,373,419,446,48,pase,,,,
1021,25,50,25,95,137,172,95,137,172,239,269,336,379,402,44,pase,,,,
1022,12,24,12,46,66,83,46,66,83,115,130,162,183,193,21,pase,,,,
1023,12,24,12,46,66,83,46,66,83,115,130,162,183,193,21,pase,,,,
1024,98,195,99,369,458,531,366,455,528,761,823,1063,1152,1202,141,pase,,,,
1025,86,171,85,316,405,478,309,398,471,671,733,917,1006,1056,147,pase,,,,
1026,82,163,81,297,386,459,297,386,459,644,706,888,977,1027,141,pase,,,,
1027,76,151,75,273,362,435,271,360,433,614,676,858,947,997,128,pase,,,,
1028,73,145,72,265,354,427,264,353,426,601,663,838,927,977,124,pase,,,,
1029,70,139,69,254,343,416,251,340,413,578,640,816,905,955,118,pase,,,,
1030,59,117,58,225,314,387,220,309,382,540,602,755,844,894,102,pase,,,,
1031,56,111,55,210,299,372,210,299,372,519,581,730,819,869,97,pase,,,,
1032,53,105,52,200,289,362,200,289,362,504,566,709,798,848,92,pase,,,,
1033,40,79,39,151,218,273,151,218,273,380,427,535,602,639,69,pase,,,,
1034,40,79,39,151,218,273,151,218,273,380,427,535,602,639,69,pase,,,,
1035,28,55,27,105,152,190,105,152,190,265,297,373,419,446,48,pase,,,,
1036,331,664,331,1322,1322,1322,1322,1322,1322,1855,1855,2370,2370,2370,699,pase,,,,
1037,301,603,300,1201,1201,1201,1201,1201,1201,1703,1703,2166,2166,2166,638,pase,,,,
1038,209,420,210,828,828,828,828,828,828,1047,1047,1399,1399,1399,420,pase,,,,
1039,179,359,179,707,707,707,707,707,707,895,895,1195,1195,1195,359,pase,,,,
1040,90,181,90,356,356,356,356,356,356,450,450,601,601,601,181,pase,,,,
1041,90,181,90,356,356,356,356,356,356,450,450,601,601,601,181,pase,,,,
1042,60,120,59,235,235,235,235,235,235,298,298,397,397,397,120,pase,,,,
1043,35,71,35,139,139,139,139,139,139,176,176,235,235,235,71,pase,,,,
1044,35,71,35,139,139,139,139,139,139,176,176,235,235,235,71,pase,,,,
1045,331,664,331,1322,1322,1322,1322,1322,1322,1855,1855,2370,2370,2370,699,pase,,,,
1046,301,603,300,1201,1201,1201,1201,1201,1201,1703,1703,2166,2166,2166,638,pase,,,,
1047,241,483,241,966,966,966,966,966,966,1405,1405,1769,1769,1769,518,pase,,,,
1048,122,244,121,494,494,494,494,494,494,808,808,971,971,971,279,pase,,,,
1049,241,483,241,966,966,966,966,966,966,1405,1405,1769,1769,1769,518,pase,,,,
1050,119,239,120,472,472,472,472,472,472,597,597,798,798,798,239,pase,,,,
1051,90,181,90,356,356,356,356,356,356,450,450,601,601,601,181,pase,,,,
1052,60,120,59,235,235,235,235,235,235,298,298,397,397,397,120,pase,,,,
1053,60,120,59,235,235,235,235,235,235,298,298,397,397,397,120,pase,,,,
1054,209,420,210,828,828,828,828,828,828,1047,1047,1399,1399,1399,420,pase,,,,
1055,179,359,179,707,707,707,707,707,707,895,895,1195,1195,1195,359,pase,,,,
1056,119,239,120,472,472,472,472,472,472,597,597,798,798,798,239,pase,,,,
1057,122,244,121,494,494,494,494,494,494,808,808,971,971,971,279,pase,,,,
1058,14,28,14,68,68,68,68,68,68,95,95,100,100,100,28,pase,7,,,
1059,42,85,42,200,200,200,200,200,200,290,290,300,300,300,85,pase,21,,,
1060,60,120,60,280,280,280,280,280,280,415,415,445,445,445,120,pase,30,,,
1061,107,215,107,485,485,485,485,485,485,685,685,745,745,745,215,pase,53,,,
1062,142,285,142,670,670,670,670,670,670,945,945,1040,1040,1040,285,pase,71,,,
1063,17,35,17,80,80,80,80,80,80,125,125,145,145,145,35,pase,8,,,
1064,65,130,65,285,285,285,285,285,285,395,395,445,445,445,130,pase,32,,,
1065,100,200,100,470,470,470,470,470,470,655,655,740,740,740,200,pase,50,,,
1066,60,120,60,280,280,280,280,280,280,415,415,445,445,445,120,pase,30,,,
1067,17,35,17,80,80,80,80,80,80,125,125,145,145,145,35,pase,8,,,
1068,47,95,47,205,205,205,205,205,205,270,270,300,300,300,95,pase,23,,,
1069,82,165,82,390,390,390,390,390,390,530,530,595,595,595,165,pase,41,,,
1070,107,215,107,485,485,485,485,485,485,685,685,745,745,745,215,pase,53,,,
1071,65,130,65,285,285,285,285,285,285,395,395,445,445,445,130,pase,32,,,
1072,47,95,47,205,205,205,205,205,205,270,270,300,300,300,95,pase,23,,,
1073,35,70,35,185,185,185,185,185,185,260,260,295,295,295,70,pase,17,,,
1074,142,285,142,670,670,670,670,670,670,945,945,1040,1040,1040,285,pase,71,,,
1075,100,200,100,470,470,470,470,470,470,655,655,740,740,740,200,pase,50,,,
1076,82,165,82,390,390,390,390,390,390,530,530,595,595,595,165,pase,41,,,
1077,35,70,35,185,185,185,185,185,185,260,260,295,295,295,70,pase,17,,,
1078,11,23,11,48,48,48,48,48,48,55,55,68,68,68,23,pase,5,,,
1079,,10.17,,,,,,,,,,,,,,pase,,,,
1080,,16.45,,,,,,,,,,,,,,pase,,,,
1081,,28.66,,,,,,,,,,,,,,pase,,,,
1082,,37.46,,,,,,,,,,,,,,pase,,,,
1083,,37.39,,,,,,,,,,,,,,pase,,,,
1084,,4.84,,,,,,,,,,,,,,pase,,,,
1085,,41.1,,,,,,,,,,,,,,pase,,,,
1086,,42.93,,,,,,,,,,,,,,pase,,,,
1087,,7.47,,,,,,,,,,,,,,pase,,,,
1088,,13.75,,,,,,,,,,,,,,pase,,,,
1089,,25.96,,,,,,,,,,,,,,pase,,,,
1090,,34.76,,,,,,,,,,,,,,pase,,,,
1091,,34.54,,,,,,,,,,,,,,pase,,,,
1092,,2.05,,,,,,,,,,,,,,pase,,,,
1093,,38.4,,,,,,,,,,,,,,pase,,,,
1094,,40.23,,,,,,,,,,,,,,pase,,,,
1095,,4.96,,,,,,,,,,,,,,pase,,,,
1096,,11.23,,,,,,,,,,,,,,pase,,,,
1097,,23.44,,,,,,,,,,,,,,pase,,,,
1098,,32.24,,,,,,,,,,,,,,pase,,,,
1099,,32.17,,,,,,,,,,,,,,pase,,,,
1100,,35.88,,,,,,,,,,,,,,pase,,,,
1101,,37.71,,,,,,,,,,,,,,pase,,,,
1102,,4.05,,,,,,,,,,,,,,pase,,,,
1103,,12.85,,,,,,,,,,,,,,pase,,,,
1104,,12.78,,,,,,,,,,,,,,pase,,,,
1105,,16.49,,,,,,,,,,,,,,pase,,,,
1106,,18.32,,,,,,,,,,,,,,pase,,,,
1107,,12.56,,,,,,,,,,,,,,pase,,,,
1108,,32.3,,,,,,,,,,,,,,pase,,,,
1109,,35.02,,,,,,,,,,,,,,pase,,,,
1110,,37.56,,,,,,,,,,,,,,pase,,,,
1111,,12.03,,,,,,,,,,,,,,pase,,,,
1112,,31.76,,,,,,,,,,,,,,pase,,,,
1113,,34.49,,,,,,,,,,,,,,pase,,,,
1114,,37.03,,,,,,,,,,,,,,pase,,,,
1115,,15.6,,,,,,,,,,,,,,pase,,,,
1116,,35.33,,,,,,,,,,,,,,pase,,,,
1117,,38.06,,,,,,,,,,,,,,pase,,,,
1118,,40.6,,,,,,,,,,,,,,pase,,,,
1119,,3.41,,,,,,,,,,,,,,pase,,,,
1120,,23.15,,,,,,,,,,,,,,pase,,,,
1121,,25.87,,,,,,,,,,,,,,pase,,,,
1122,,28.41,,,,,,,,,,,,,,pase,,,,
1123,,11.5,,,,,,,,,,,,,,pase,,,,
1124,,14.23,,,,,,,,,,,,,,pase,,,,
1125,,16.77,,,,,,,,,,,,,,pase,,,,
1126,,7.18,,,,,,,,,,,,,,pase,,,,
1127,,9.9,,,,,,,,,,,,,,pase,,,,
1128,,12.45,,,,,,,,,,,,,,pase,,,,
1129,,41.35,,,,,,,,,,,,,,pase,,,,
1130,,38.81,,,,,,,,,,,,,,pase,,,,
1131,,37.71,,,,,,,,,,,,,,pase,,,,
1132,,16.35,,,,,,,,,,,,,,pase,,,,
1133,,178,,,,,,,,,,,,,,pase,,,,
1134,,61,,,,,,,,,,,,,,pase,,,,
1135,,71,,,,,,,,,,,,,,pase,,,,
1136,,71,,,,,,,,,,,,,,pase,,,,
1137,,95,,,,,,,,,,,,,,pase,,,,
1138,,61,,,,,,,,,,,,,,pase,,,,
1139,,71,,,,,,,,,,,,,,pase,,,,
1140,,71,,,,,,,,,,,,,,pase,,,,
1141,,95,,,,,,,,,,,,,,pase,,,,
1142,,71,,,,,,,,,,,,,,pase,,,,
1143,,71,,,,,,,,,,,,,,pase,,,,
1144,,95,,,,,,,,,,,,,,pase,,,,
1145,,71,,,,,,,,,,,,,,pase,,,,
1146,,95,,,,,,,,,,,,,,pase,,,,
1147,,24,,,,,,,,,,,,,,pase,,,,
1148,,24,,,,,,,,,,,,,,pase,,,,
1149,,95,,,,,,,,,,,,,,pase,,,,
1150,,95,,,,,,,,,,,,,,pase,,,,
1151,,95,,,,,,,,,,,,,,pase,,,,
1152,,71,,,,,,,,,,,,,,pase,,,,
1153,,71,,,,,,,,,,,,,,pase,,,,
1154,,71,,,,,,,,,,,,,,pase,,,,
1155,,71,,,,,,,,,,,,,,pase,,,,
1156,,71,,,,,,,,,,,,,,pase,,,,
1157,,61,,,,,,,,,,,,,,pase,,,,
1158,,46.11,,,,,,,,,,,,,,pase,,,,
1159,,87.37,,,,,,,,,,,,,,pase,,,,
1160,,125.75,,,,,,,,,,,,,,pase,,,,
1161,,132.71,,,,,,,,,,,,,,pase,,,,
1162,,134.62,,,,,,,,,,,,,,pase,,,,
1163,,30.81,,,,,,,,,,,,,,pase,,,,
1164,,72.07,,,,,,,,,,,,,,pase,,,,
1165,,110.45,,,,,,,,,,,,,,pase,,,,
1166,,117.4,,,,,,,,,,,,,,pase,,,,
1167,,119.32,,,,,,,,,,,,,,pase,,,,
1168,,23.01,,,,,,,,,,,,,,pase,,,,
1169,,64.27,,,,,,,,,,,,,,pase,,,,
1170,,102.64,,,,,,,,,,,,,,pase,,,,
1171,,109.6,,,,,,,,,,,,,,pase,,,,
1172,,111.51,,,,,,,,,,,,,,pase,,,,
1173,,7.23,,,,,,,,,,,,,,pase,,,,
1174,,48.49,,,,,,,,,,,,,,pase,,,,
1175,,86.87,,,,,,,,,,,,,,pase,,,,
1176,,93.83,,,,,,,,,,,,,,pase,,,,
1177,,95.74,,,,,,,,,,,,,,pase,,,,
1178,,30.94,,,,,,,,,,,,,,pase,,,,
1179,,69.32,,,,,,,,,,,,,,pase,,,,
1180,,76.27,,,,,,,,,,,,,,pase,,,,
1181,,78.19,,,,,,,,,,,,,,pase,,,,
1182,,14.22,,,,,,,,,,,,,,pase,,,,
1183,,52.59,,,,,,,,,,,,,,pase,,,,
1184,,59.55,,,,,,,,,,,,,,pase,,,,
1185,,61.46,,,,,,,,,,,,,,pase,,,,
1186,,20.61,,,,,,,,,,,,,,pase,,,,
1187,,27.57,,,,,,,,,,,,,,pase,,,,
1188,,29.48,,,,,,,,,,,,,,pase,,,,
1189,,21.43,,,,,,,,,,,,,,pase,,,,
1190,,28.39,,,,,,,,,,,,,,pase,,,,
1191,,30.3,,,,,,,,,,,,,,pase,,,,
1192,,12.59,,,,,,,,,,,,,,pase,,,,
1193,,17.2,,,,,,,,,,,,,,pase,,,,
1194,,21.67,,,,,,,,,,,,,,pase,,,,
1195,,7.9,,,,,,,,,,,,,,pase,,,,
1196,,11.13,,,,,,,,,,,,,,pase,,,,
1197,,23.69,,,,,,,,,,,,,,pase,,,,
1198,,29.3,,,,,,,,,,,,,,pase,,,,
1199,,53.65,,,,,,,,,,,,,,pase,,,,
1200,,62.25,,,,,,,,,,,,,,pase,,,,
1201,,78.97,,,,,,,,,,,,,,pase,,,,
1202,,96.64,,,,,,,,,,,,,,pase,,,,
1203,,112.3,,,,,,,,,,,,,,pase,,,,
1204,,120.1,,,,,,,,,,,,,,pase,,,,
1205,,135.16,,,,,,,,,,,,,,pase,,,,
1206,,23.41,,,,,,,,,,,,,,pase,,,,
1207,,29.02,,,,,,,,,,,,,,pase,,,,
1208,,52.99,,,,,,,,,,,,,,pase,,,,
1209,,61.97,,,,,,,,,,,,,,pase,,,,
1210,,78.69,,,,,,,,,,,,,,pase,,,,
1211,,96.36,,,,,,,,,,,,,,pase,,,,
1212,,112.02,,,,,,,,,,,,,,pase,,,,
1213,,119.82,,,,,,,,,,,,,,pase,,,,
1214,,134.88,,,,,,,,,,,,,,pase,,,,
1215,,22.36,,,,,,,,,,,,,,pase,,,,
1216,,27.97,,,,,,,,,,,,,,pase,,,,
1217,,51.9,,,,,,,,,,,,,,pase,,,,
1218,,60.92,,,,,,,,,,,,,,pase,,,,
1219,,77.64,,,,,,,,,,,,,,pase,,,,
1220,,95.31,,,,,,,,,,,,,,pase,,,,
1221,,110.97,,,,,,,,,,,,,,pase,,,,
1222,,118.77,,,,,,,,,,,,,,pase,,,,
1223,,133.82,,,,,,,,,,,,,,pase,,,,
1224,,8.49,,,,,,,,,,,,,,pase,,,,
1225,,26.98,,,,,,,,,,,,,,pase,,,,
1226,,37.64,,,,,,,,,,,,,,pase,,,,
1227,,54.36,,,,,,,,,,,,,,pase,,,,
1228,,72.03,,,,,,,,,,,,,,pase,,,,
1229,,87.69,,,,,,,,,,,,,,pase,,,,
1230,,95.5,,,,,,,,,,,,,,pase,,,,
1231,,110.55,,,,,,,,,,,,,,pase,,,,
1232,,15.43,,,,,,,,,,,,,,pase,,,,
1233,,32.16,,,,,,,,,,,,,,pase,,,,
1234,,49.83,,,,,,,,,,,,,,pase,,,,
1235,,65.49,,,,,,,,,,,,,,pase,,,,
1236,,73.29,,,,,,,,,,,,,,pase,,,,
1237,,88.34,,,,,,,,,,,,,,pase,,,,
1238,,7.35,,,,,,,,,,,,,,pase,,,,
1239,,23.01,,,,,,,,,,,,,,pase,,,,
1240,,30.81,,,,,,,,,,,,,,pase,,,,
1241,,45.86,,,,,,,,,,,,,,pase,,,,
1242,,7.24,,,,,,,,,,,,,,pase,,,,
1243,,22.89,,,,,,,,,,,,,,pase,,,,
1244,,30.7,,,,,,,,,,,,,,pase,,,,
1245,,45.75,,,,,,,,,,,,,,pase,,,,
1246,,2.79,,,,,,,,,,,,,,pase,,4.3,,
1247,,12.68,,,,,,,,,,,,,,pase,,19.53,,
1248,,22.58,,,,,,,,,,,,,,pase,,34.78,,
1249,,29.44,,,,,,,,,,,,,,pase,,45.35,,
1250,,28.92,,,,,,,,,,,,,,pase,,44.54,,
1251,,45.74,,,,,,,,,,,,,,pase,,70.45,,
1252,,53.55,,,,,,,,,,,,,,pase,,82.49,,
1253,,78.09,,,,,,,,,,,,,,pase,,120.27,,
1254,,9.37,,,,,,,,,,,,,,pase,,14.43,,
1255,,19.27,,,,,,,,,,,,,,pase,,29.68,,
1256,,26.16,,,,,,,,,,,,,,pase,,40.3,,
1257,,25.64,,,,,,,,,,,,,,pase,,39.49,,
1258,,42.46,,,,,,,,,,,,,,pase,,65.39,,
1259,,50.28,,,,,,,,,,,,,,pase,,77.43,,
1260,,74.8,,,,,,,,,,,,,,pase,,115.21,,
1261,,6.61,,,,,,,,,,,,,,pase,,10.19,,
1262,,16.49,,,,,,,,,,,,,,pase,,25.4,,
1263,,23.38,,,,,,,,,,,,,,pase,,36.01,,
1264,,22.86,,,,,,,,,,,,,,pase,,35.21,,
1265,,39.67,,,,,,,,,,,,,,pase,,61.1,,
1266,,47.49,,,,,,,,,,,,,,pase,,73.14,,
1267,,72.02,,,,,,,,,,,,,,pase,,110.93,,
1268,,7.85,,,,,,,,,,,,,,pase,,12.09,,
1269,,14.73,,,,,,,,,,,,,,pase,,22.69,,
1270,,14.22,,,,,,,,,,,,,,pase,,21.9,,
1271,,31.03,,,,,,,,,,,,,,pase,,47.79,,
1272,,38.84,,,,,,,,,,,,,,pase,,59.83,,
1273,,63.38,,,,,,,,,,,,,,pase,,97.61,,
1274,,8.2,,,,,,,,,,,,,,pase,,12.63,,
1275,,7.67,,,,,,,,,,,,,,pase,,11.82,,
1276,,24.49,,,,,,,,,,,,,,pase,,37.72,,
1277,,32.31,,,,,,,,,,,,,,pase,,49.76,,
1278,,56.84,,,,,,,,,,,,,,pase,,87.55,,
1279,,14.43,,,,,,,,,,,,,,pase,,22.23,,
1280,,22.25,,,,,,,,,,,,,,pase,,34.27,,
1281,,46.77,,,,,,,,,,,,,,pase,,72.04,,
1282,,5.81,,,,,,,,,,,,,,pase,,8.95,,
1283,,13.98,,,,,,,,,,,,,,pase,,21.53,,
1284,,38.15,,,,,,,,,,,,,,pase,,58.76,,
1285,,33.44,,,,,,,,,,,,,,pase,,51.5,,
1286,,38.91,,,,,,,,,,,,,,pase,,59.93,,
1287,,70.1,,,,,,,,,,,,,,pase,,107.96,,
1288,,70.35,,,,,,,,,,,,,,pase,,108.35,,
1289,,73.03,,,,,,,,,,,,,,pase,,112.47,,
1290,,12.01,,,,,,,,,,,,,,pase,,18.5,,
1291,,17.44,,,,,,,,,,,,,,pase,,26.86,,
1292,,48.62,,,,,,,,,,,,,,pase,,74.88,,
1293,,48.87,,,,,,,,,,,,,,pase,,75.28,,
1294,,51.56,,,,,,,,,,,,,,pase,,79.41,,
1295,,8.73,,,,,,,,,,,,,,pase,,13.45,,
1296,,14.13,,,,,,,,,,,,,,pase,,21.76,,
1297,,45.31,,,,,,,,,,,,,,pase,,69.78,,
1298,,45.57,,,,,,,,,,,,,,pase,,70.19,,
1299,,48.25,,,,,,,,,,,,,,pase,,74.31,,
1300,,26.55,,,,,,,,,,,,,,pase,,40.9,,
1301,,28.11,,,,,,,,,,,,,,pase,,43.29,,
1302,,30.83,,,,,,,,,,,,,,pase,,47.48,,
1303,,10.33,,,,,,,,,,,,,,pase,,15.91,,
1304,,10.55,,,,,,,,,,,,,,pase,,16.24,,
1305,,13.34,,,,,,,,,,,,,,pase,,20.55,,
1306,,8,,,,,,,,,,,,,,pase,,14,11,
1307,,25,,,,,,,,,,,,,,pase,,40,33,
1308,,41,,,,,,,,,,,,,,pase,,64,53,
1309,,51,,,,,,,,,,,,,,pase,,79,67,
1310,,10,,,,,,,,,,,,,,pase,,12,13,
1311,,27,,,,,,,,,,,,,,pase,,38,35,
1312,,42,,,,,,,,,,,,,,pase,,62,55,
1313,,53,,,,,,,,,,,,,,pase,,77,69,
1314,,16,,,,,,,,,,,,,,pase,,24,21,
1315,,32,,,,,,,,,,,,,,pase,,48,41,
1316,,42,,,,,,,,,,,,,,pase,,63,55,
1317,,16,,,,,,,,,,,,,,pase,,24,21,
1318,,26,,,,,,,,,,,,,,pase,,40,34,
1319,,30,,,,,,,,,,,,,,pase,,45,39,
1320,,46,,,,,,,,,,,,,,pase,,69,60,
1321,,54,,,,,,,,,,,,,,pase,,81,70,
1322,,55,,,,,,,,,,,,,,pase,,82,71,
1323,,29,,,,,,,,,,,,,,pase,,43,37,
1324,,44,,,,,,,,,,,,,,pase,,67,58,
1325,,53,,,,,,,,,,,,,,pase,,79,68,
1326,,53,,,,,,,,,,,,,,pase,,80,69,
1327,,16,,,,,,,,,,,,,,pase,,24,21,
1328,,32,,,,,,,,,,,,,,pase,,48,41,
1329,,40,,,,,,,,,,,,,,pase,,60,52,
1330,,41,,,,,,,,,,,,,,pase,,61,53,
1331,,16,,,,,,,,,,,,,,pase,,24,21,
1332,,24,,,,,,,,,,,,,,pase,,37,32,
1333,,25,,,,,,,,,,,,,,pase,,38,33,
1334,,7,,,,,,,,,,,,,,pase,,11,10,
1335,,8,,,,,,,,,,,,,,pase,,12,11,
1336,110,210,329,438,657,657,438,657,657,1095,1314,1314,1314,1314,439,viapass,,,,
1337,29,57,67,134,134,134,134,134,134,298,298,298,298,298,77,viapass,,,,
1338,7,15,23,29,29,29,29,29,29,67,67,108,108,108,31,operator_site,,,,
1339,25,49,74,108,108,108,108,108,108,171,171,226,226,226,99,viapass,,,,
1340,86,171,220,215,395,395,215,395,395,779,779,779,779,779,269,viapass,,,,
1341,50,99,132,108,199,199,108,199,199,391,391,391,391,391,165,viapass,,,,
1342,66,133,199,210,210,210,210,210,210,317,317,384,384,384,265,viapass,,,,
1343,117,235,17,375,491,,375,529,725,938,1053,1167,1319,1419,,operator_site,,,,
1344,44,89,17,129,193,,129,191,241,317,384,390,444,545,,operator_site,,,,
1345,44,89,17,129,193,,129,191,241,317,384,390,444,545,,operator_site,,,,
1346,60,120,17,191,294,,191,268,351,460,547,576,665,803,,operator_site,,,,
1347,47,94,17,135,201,,135,199,251,329,399,405,465,567,,operator_site,,,,
1348,62,125,17,227,272,,222,258,340,412,478,504,545,700,,operator_site,,,,
1349,73,147,17,244,316,,228,301,369,477,523,564,609,678,,operator_site,,,,
1350,47,95,17,160,222,,160,207,251,323,375,394,436,525,,operator_site,,,,
1351,75,151,17,227,309,,227,284,354,426,480,511,557,703,,operator_site,,,,
1352,46,93,17,223,277,,223,277,335,451,501,543,586,700,,operator_site,,,,
1353,75,151,17,329,398,,329,398,474,626,678,716,781,846,,operator_site,,,,
1354,36,72,108,143,143,143,143,143,143,214,214,214,214,214,144,viapass,,,,
1355,24,56,31,113,113,113,113,113,200,200,228,228,228,228,,sct_site,,,,
1356,22,44,,92,92,92,92,92,92,132,132,174,174,174,,sct_site,,,,
1357,94,94,141,188,188,188,188,188,188,282,376,376,376,376,188,sct_site,,,,
1358,15,30,16,65,65,65,65,65,144,144,216,216,216,216,45,https://www.puentecolombia.mx/preguntas-frecuentes-puente-colombia/,,,,
1359,26,52,,103,103,103,103,103,103,103,103,103,103,103,,sct_site,,,,
1360,11,22,,38,38,38,38,38,77,77,110,110,110,110,,sct_site,,,,
1361,0,0,0,0,0,0,0,0,0,0,0,0,0,0,0,sct_site,,,,
1362,50,100,50,169,169,169,169,221,221,324,324,432,432,432,85,operator_site,,,,
1363,20,39,24,122,122,122,122,122,259,259,411,411,411,411,60,operator_site,,,,
1364,80,80,40,200,200,200,200,200,200,200,200,200,200,200,100,reporte_puentes_site,,,,
1365,7,15,11,30,30,30,30,30,30,59,59,108,108,108,19,sct_site,,,,
1366,48,97,,244,339,339,244,339,339,485,485,485,485,485,,sct_site,,,,
1367,15,30,,60,60,60,60,60,60,60,60,60,60,60,,sct_site,,,,
1368,34,69,33,140,140,140,140,140,282,282,453,453,453,453,71,https://copaoperacion.com/lucio-blanco/,,,,
1369,15,30,,65,65,65,65,65,144,144,214,214,214,214,,sct_site,,,,
1370,20,39,19,67,67,67,67,67,67,67,67,67,67,67,35,https://www.puentesfronterizos.gob.mx/puente-internacional-paso-del-norte.php,,,,6
1371,,,,,,,,,,,,,,,,,,,,
1372,20,42,20,88,88,88,86,86,86,178,178,285,285,285,43,https://autopistasdecuota.com/ruta/nuevo-leon-tamaulipas,,,,
1373,34,69,35,,,,,,,,,,,,,https://copaoperacion.com/rio-bravo/,,,,4
1374,10,20,11,35,35,35,35,35,68,68,97,97,97,97,17,capufe,,,,
1375,51,102,,164,164,164,164,178,178,257,257,327,327,327,,https://app.sct.gob.mx/sibuac_internet/ControllerUI?action=cmdDatosOperRepDet&idVia=98,,,,
1376,10,20,11,35,35,35,35,35,68,68,97,97,97,97,17,capufe,,,,
1377,20,39,24,122,122,122,122,122,259,259,411,411,411,411,60,https://www.puentesfronterizos.gob.mx/puente-internacional-zaragoza-ysleta.php,,,,9
